dose_year,dose_month,dose_type_norm,lot,total_recipients
2020,12,Comirnaty,,824
2020,12,Comirnaty,1F1020A,1
2020,12,Comirnaty,EJ6134,10
2020,12,Comirnaty,EJ6790,3
2020,12,Comirnaty,EJ6796,10140
2020,12,Comirnaty,EJ6796 ,191
2020,12,Comirnaty,EJ6796  ,23
2020,12,Comirnaty,EJ6797,39
2020,12,Comirnaty,EJ6797 ,1
2020,12,Comirnaty,EL1484,638
2020,12,Comirnaty,EL1491,7
2020,12,Comirnaty,ET1831,1
2020,12,Comirnaty,ET3620,1
2021,01,Comirnaty,,35190
2021,01,Comirnaty,090F21A,1
2021,01,Comirnaty,1F1005A,3
2021,01,Comirnaty,1F1006A,2
2021,01,Comirnaty,1F1020A,10
2021,01,Comirnaty,300042698,14
2021,01,Comirnaty,36660TB,1
2021,01,Comirnaty,EJ6134,13520
2021,01,Comirnaty,EJ6134 ,21
2021,01,Comirnaty,EJ6790,45
2021,01,Comirnaty,EJ6796,123
2021,01,Comirnaty,EJ6796 ,6
2021,01,Comirnaty,EJ6797,86269
2021,01,Comirnaty,EJ6797 ,19
2021,01,Comirnaty,EK9788,822
2021,01,Comirnaty,EL0725,80
2021,01,Comirnaty,EL1484,20216
2021,01,Comirnaty,EL1484 ,2
2021,01,Comirnaty,EL1484    ,26
2021,01,Comirnaty,EL1491,65243
2021,01,Comirnaty,EL1491 ,143
2021,01,Comirnaty,EL1491  ,1
2021,01,Comirnaty,EP2163,12
2021,01,Comirnaty,EP2166,5
2021,01,Comirnaty,EP2166  ,1
2021,01,Comirnaty,ET1831,5
2021,01,Comirnaty,ET3620,1
2021,01,Comirnaty,ET6956,1
2021,01,Comirnaty,EW2239,4
2021,01,Comirnaty,EW2246,1
2021,01,Comirnaty,EW4815,1
2021,01,Comirnaty,EX0893,1
2021,01,Comirnaty,EX3599,1
2021,01,Comirnaty,EY3014,2
2021,01,Comirnaty,FC2473,1
2021,01,Comirnaty,FD1921,2
2021,01,Comirnaty,FD6840,2
2021,01,Comirnaty,FE1248,2
2021,01,Comirnaty,FE2296,2
2021,01,Comirnaty,FE6208,1
2021,01,Comirnaty,FE7051,2
2021,01,Comirnaty,FF0680,2
2021,01,Comirnaty,FF2832,4
2021,01,Comirnaty,FF3318,1
2021,01,Comirnaty,FG3739,3
2021,01,Comirnaty,FG4509,1
2021,01,Comirnaty,FK0594,2
2021,01,Comirnaty,FL4213,1
2021,01,Comirnaty,FM7533,6
2021,01,Comirnaty,GH9722,1
2021,01,Comirnaty,GK4367,1
2021,01,Comirnaty,PCA0002,2
2021,01,Comirnaty,PCB0001,1
2021,01,Comirnaty,SCTR1,2
2021,01,Others,,6
2021,01,Spikevax,,3090
2021,01,Spikevax,1K082A,1
2021,01,Spikevax,300042698,4311
2021,01,Spikevax,300042721,5
2021,01,Spikevax,3000493,2
2021,01,Spikevax,3001659,1
2021,01,Spikevax,3001939,2
2021,01,Spikevax,3002339,1
2021,01,Spikevax,3002546,1
2021,01,Spikevax,3003659,1
2021,01,Spikevax,3004493,1
2021,01,Spikevax,3004738,1
2021,01,Spikevax,EJ6134,1
2021,02,Astra-Zeneca,,2971
2021,02,Astra-Zeneca,210102,1
2021,02,Astra-Zeneca,300042698,1
2021,02,Astra-Zeneca,3004218,1
2021,02,Astra-Zeneca,ABV2856,9422
2021,02,Astra-Zeneca,ABV2856 ,309
2021,02,Astra-Zeneca,ABV4678,9124
2021,02,Astra-Zeneca,ABV4678 ,14
2021,02,Astra-Zeneca,ABV5811,4222
2021,02,Astra-Zeneca,ABV6096,6
2021,02,Astra-Zeneca,ABV8139,4
2021,02,Astra-Zeneca,ABW1277,2
2021,02,Astra-Zeneca,ABW2187,14
2021,02,Astra-Zeneca,ABW4801,28
2021,02,Astra-Zeneca,ABX3502,1
2021,02,Astra-Zeneca,ABX3519,2
2021,02,Astra-Zeneca,ABX4044,24
2021,02,Astra-Zeneca,ABX5105,1
2021,02,Astra-Zeneca,ABY1328,1
2021,02,Astra-Zeneca,EJ6790,2
2021,02,Astra-Zeneca,EK9788,4
2021,02,Astra-Zeneca,EP2163,4
2021,02,Astra-Zeneca,ET3620,1
2021,02,Astra-Zeneca,FG4509,1
2021,02,Comirnaty,,16437
2021,02,Comirnaty,1F1005A,1
2021,02,Comirnaty,1F1006A,1
2021,02,Comirnaty,1F1020A,3
2021,02,Comirnaty,300042721,11
2021,02,Comirnaty,3004738,1
2021,02,Comirnaty,ABV2856,12
2021,02,Comirnaty,ABV4678,9
2021,02,Comirnaty,ABV5811,12
2021,02,Comirnaty,ABW2187,1
2021,02,Comirnaty,ABW4801,1
2021,02,Comirnaty,EJ6134,2387
2021,02,Comirnaty,EJ6790,27985
2021,02,Comirnaty,EJ6790 ,5
2021,02,Comirnaty,EJ6796,4
2021,02,Comirnaty,EJ6797,6604
2021,02,Comirnaty,EJ6797 ,81
2021,02,Comirnaty,EK9788,12960
2021,02,Comirnaty,EK9788 ,514
2021,02,Comirnaty,EK9788  ,1
2021,02,Comirnaty,EL0725,17145
2021,02,Comirnaty,EL0725 ,7
2021,02,Comirnaty,EL1484,8
2021,02,Comirnaty,EL1491,603
2021,02,Comirnaty,EL1491 ,1
2021,02,Comirnaty,EP2163,38329
2021,02,Comirnaty,EP2163 ,5
2021,02,Comirnaty,EP2163                                                          ,1
2021,02,Comirnaty,EP2166,10205
2021,02,Comirnaty,EP2166 ,157
2021,02,Comirnaty,EP2166  ,3
2021,02,Comirnaty,ET1831,30
2021,02,Comirnaty,ET3620,17
2021,02,Comirnaty,ET7205,4
2021,02,Comirnaty,EW2239,1
2021,02,Comirnaty,EW4815,2
2021,02,Comirnaty,EX3599,1
2021,02,Comirnaty,EY3014,1
2021,02,Comirnaty,EY7015,3
2021,02,Comirnaty,FA4598,2
2021,02,Comirnaty,FC0681,2
2021,02,Comirnaty,FC2473,1
2021,02,Comirnaty,FD0168,2
2021,02,Comirnaty,FD1921,2
2021,02,Comirnaty,FD4555,1
2021,02,Comirnaty,FD6840,2
2021,02,Comirnaty,FE1248,1
2021,02,Comirnaty,FE7051,1
2021,02,Comirnaty,FF0680,1
2021,02,Comirnaty,FF2832,1
2021,02,Comirnaty,FL4213,1
2021,02,Comirnaty,FM7533,2
2021,02,Comirnaty,FM9088,1
2021,02,Comirnaty,FM9088 ,1
2021,02,Comirnaty,FP1972,2
2021,02,Comirnaty,FP8956,1
2021,02,Comirnaty,GH9722,3
2021,02,Comirnaty,GJ1988,1
2021,02,Comirnaty,PCA0002,2
2021,02,Comirnaty,PCB0001,2
2021,02,Comirnaty,SCTR1,2
2021,02,Others,,7
2021,02,Spikevax,,10629
2021,02,Spikevax,000058A,36
2021,02,Spikevax,000371A,2
2021,02,Spikevax,090F21A,1
2021,02,Spikevax,1F1006A,2
2021,02,Spikevax,1F1020A,2
2021,02,Spikevax,216040,1
2021,02,Spikevax,216046,1
2021,02,Spikevax,226004 ,1
2021,02,Spikevax,300042698,535
2021,02,Spikevax,300042721,12616
2021,02,Spikevax,300042721 ,3
2021,02,Spikevax,3000493,166
2021,02,Spikevax,3000493 ,1
2021,02,Spikevax,3000496,13
2021,02,Spikevax,3001531,7
2021,02,Spikevax,3001659,5
2021,02,Spikevax,3001939,1
2021,02,Spikevax,3002330,1
2021,02,Spikevax,3002546,2
2021,02,Spikevax,3004218,1
2021,02,Spikevax,3004493,1
2021,02,Spikevax,3004670,3
2021,02,Spikevax,3004738,1
2021,02,Spikevax,3005238,1
2021,02,Spikevax,ABV2856,1
2021,02,Spikevax,EJ6790,1
2021,02,Spikevax,EK9788,1
2021,02,Spikevax,EL0725,52
2021,02,Spikevax,EP2163,6
2021,02,Spikevax,FG4509,1
2021,03,Astra-Zeneca,,20689
2021,03,Astra-Zeneca,210102,1
2021,03,Astra-Zeneca,210105,7
2021,03,Astra-Zeneca,21C10-05,1
2021,03,Astra-Zeneca,3000493,1
2021,03,Astra-Zeneca,3000496,1
2021,03,Astra-Zeneca,3001531,3
2021,03,Astra-Zeneca,3004218,1
2021,03,Astra-Zeneca,3004493,1
2021,03,Astra-Zeneca,3005242,3
2021,03,Astra-Zeneca,ABV2856,7555
2021,03,Astra-Zeneca,ABV2856 ,544
2021,03,Astra-Zeneca,ABV4678,21168
2021,03,Astra-Zeneca,ABV4678 ,1225
2021,03,Astra-Zeneca,ABV4678    ,2
2021,03,Astra-Zeneca,ABV4678        ,1
2021,03,Astra-Zeneca,ABV5297,6595
2021,03,Astra-Zeneca,ABV5297    ,6
2021,03,Astra-Zeneca,ABV5297        ,4
2021,03,Astra-Zeneca,ABV5811,49959
2021,03,Astra-Zeneca,ABV5811 ,201
2021,03,Astra-Zeneca,ABV5811   ,2
2021,03,Astra-Zeneca,ABV5811        ,148
2021,03,Astra-Zeneca,ABV6096,31069
2021,03,Astra-Zeneca,ABV6096 ,34
2021,03,Astra-Zeneca,ABV6096        ,4
2021,03,Astra-Zeneca,ABV7764,2316
2021,03,Astra-Zeneca,ABV7764        ,6
2021,03,Astra-Zeneca,ABV8139,12944
2021,03,Astra-Zeneca,ABV8139 ,157
2021,03,Astra-Zeneca,ABV8139        ,3
2021,03,Astra-Zeneca,ABW1277,49730
2021,03,Astra-Zeneca,ABW1277 ,2
2021,03,Astra-Zeneca,ABW1277  ,11
2021,03,Astra-Zeneca,ABW1277    ,1
2021,03,Astra-Zeneca,ABW1277     ,39
2021,03,Astra-Zeneca,ABW1277        ,13
2021,03,Astra-Zeneca,ABW2187,96
2021,03,Astra-Zeneca,ABW2953,7
2021,03,Astra-Zeneca,ABW4801,225
2021,03,Astra-Zeneca,ABW4801 ,1
2021,03,Astra-Zeneca,ABW4801         ,1
2021,03,Astra-Zeneca,ABW9941,13
2021,03,Astra-Zeneca,ABX3502,42
2021,03,Astra-Zeneca,ABX3519,65
2021,03,Astra-Zeneca,ABX3519 ,1
2021,03,Astra-Zeneca,ABX4044,76
2021,03,Astra-Zeneca,ABX5105,117
2021,03,Astra-Zeneca,ABY1328,5
2021,03,Astra-Zeneca,EJ6797,11
2021,03,Astra-Zeneca,EP2163,1
2021,03,Astra-Zeneca,EP2166,5
2021,03,Astra-Zeneca,ET1831,11
2021,03,Astra-Zeneca,ET3620,2
2021,03,Astra-Zeneca,EW2239,4
2021,03,Astra-Zeneca,FG4509,1
2021,03,Astra-Zeneca,FM7533,1
2021,03,Astra-Zeneca,XD986,1
2021,03,Comirnaty,,44492
2021,03,Comirnaty,000058A,1
2021,03,Comirnaty,1F1005A,2
2021,03,Comirnaty,1F1020A,8
2021,03,Comirnaty,1K082A,3
2021,03,Comirnaty,210102,12
2021,03,Comirnaty,300042721,10
2021,03,Comirnaty,3000493,55
2021,03,Comirnaty,3000496,43
2021,03,Comirnaty,3001531,4
2021,03,Comirnaty,3001943,2
2021,03,Comirnaty,ABV2856,4
2021,03,Comirnaty,ABV4678,18
2021,03,Comirnaty,ABV4678 ,4
2021,03,Comirnaty,ABV5811,60
2021,03,Comirnaty,ABV6096,43
2021,03,Comirnaty,ABV8139,2
2021,03,Comirnaty,ABW1277,18
2021,03,Comirnaty,ABW2187,16
2021,03,Comirnaty,ABW2187        ,1
2021,03,Comirnaty,ABW4801,2
2021,03,Comirnaty,ABW9941,1
2021,03,Comirnaty,EJ6134,542
2021,03,Comirnaty,EJ6790,4930
2021,03,Comirnaty,EJ6796,7
2021,03,Comirnaty,EJ6797,563
2021,03,Comirnaty,EK9788,747
2021,03,Comirnaty,EL0725,44
2021,03,Comirnaty,EL0725 ,1
2021,03,Comirnaty,EL1484,4
2021,03,Comirnaty,EL1491,242
2021,03,Comirnaty,EP2163,17034
2021,03,Comirnaty,EP2163 ,62
2021,03,Comirnaty,EP2166,60513
2021,03,Comirnaty,EP2166 ,757
2021,03,Comirnaty,EP2166  ,888
2021,03,Comirnaty,ET1831,169638
2021,03,Comirnaty,ET1831 ,1212
2021,03,Comirnaty,ET3620,130796
2021,03,Comirnaty,ET3620 ,575
2021,03,Comirnaty,ET3620      ,1
2021,03,Comirnaty,ET3620         ,57
2021,03,Comirnaty,ET6956,3
2021,03,Comirnaty,ET7205,51004
2021,03,Comirnaty,ET7205 ,39
2021,03,Comirnaty,EW2239,2407
2021,03,Comirnaty,EW2246,43
2021,03,Comirnaty,EW4815,24
2021,03,Comirnaty,EW4815 ,4
2021,03,Comirnaty,EX0893,4
2021,03,Comirnaty,EX3599,2
2021,03,Comirnaty,EY3014,3
2021,03,Comirnaty,EY7015,3
2021,03,Comirnaty,FA4598,4
2021,03,Comirnaty,FC0681,3
2021,03,Comirnaty,FC2473,2
2021,03,Comirnaty,FD0168,5
2021,03,Comirnaty,FD1921,5
2021,03,Comirnaty,FD4555,1
2021,03,Comirnaty,FD6840,2
2021,03,Comirnaty,FE1248,1
2021,03,Comirnaty,FE6208,2
2021,03,Comirnaty,FF0680,2
2021,03,Comirnaty,FF2832,1
2021,03,Comirnaty,FF3318,6
2021,03,Comirnaty,FG3739,1
2021,03,Comirnaty,FG4509,4
2021,03,Comirnaty,FK0594,3
2021,03,Comirnaty,FL4213,2
2021,03,Comirnaty,FM7533,3
2021,03,Comirnaty,FM7785,1
2021,03,Comirnaty,FN5519,2
2021,03,Comirnaty,FP1972,1
2021,03,Comirnaty,FR9187,1
2021,03,Comirnaty,PCA0002,8
2021,03,Comirnaty,PCB0001,6
2021,03,Comirnaty,SCTR1,4
2021,03,Comirnaty,SDCN1,1
2021,03,Janssen,,80
2021,03,Janssen,ACA5775,1
2021,03,Janssen,XD955,1
2021,03,Janssen,XD974,1
2021,03,Janssen,XD975,1
2021,03,Others,,29
2021,03,Spikevax,,34971
2021,03,Spikevax,000371A,1
2021,03,Spikevax,000397A,2
2021,03,Spikevax,090F21A,3
2021,03,Spikevax,216046,1
2021,03,Spikevax,300042721,3093
2021,03,Spikevax,3000493,24240
2021,03,Spikevax,3000493 ,52
2021,03,Spikevax,3000496,29595
2021,03,Spikevax,3000496 ,122
2021,03,Spikevax,3000496        ,8
2021,03,Spikevax,3001531,9398
2021,03,Spikevax,3001531        ,7
2021,03,Spikevax,3001659,77
2021,03,Spikevax,3001659 ,1
2021,03,Spikevax,3001939,7
2021,03,Spikevax,3001943,13
2021,03,Spikevax,3002330,5
2021,03,Spikevax,3002339,1
2021,03,Spikevax,3002546,3
2021,03,Spikevax,3002916,1
2021,03,Spikevax,3002920,1
2021,03,Spikevax,3003601,4
2021,03,Spikevax,3003606,3
2021,03,Spikevax,3003659,45
2021,03,Spikevax,3004218,6
2021,03,Spikevax,3004493,1
2021,03,Spikevax,3004670,1
2021,03,Spikevax,3005242,3
2021,03,Spikevax,ABV2856,1
2021,03,Spikevax,ABV4678,2
2021,03,Spikevax,ABV5297,1
2021,03,Spikevax,ABV5811,29
2021,03,Spikevax,ABV6096,1
2021,03,Spikevax,ABV8139,1
2021,03,Spikevax,ABW1277,2
2021,03,Spikevax,ABW4801,1
2021,03,Spikevax,EJ6790,1
2021,03,Spikevax,EJ6797,1
2021,03,Spikevax,EP2166,5
2021,03,Spikevax,ET1831,3
2021,03,Spikevax,ET3620,5
2021,03,Spikevax,ET7205,1
2021,03,Spikevax,FF0680,3
2021,03,Spikevax,XD974,1
2021,04,Astra-Zeneca,,13653
2021,04,Astra-Zeneca,1K082A,2
2021,04,Astra-Zeneca,210102,94
2021,04,Astra-Zeneca,210105,10
2021,04,Astra-Zeneca,210155,1
2021,04,Astra-Zeneca,3000496,1
2021,04,Astra-Zeneca,3002916,2
2021,04,Astra-Zeneca,3002920,1
2021,04,Astra-Zeneca,3005242,1
2021,04,Astra-Zeneca,ABV2856,105
2021,04,Astra-Zeneca,ABV4678,2625
2021,04,Astra-Zeneca,ABV4678 ,3
2021,04,Astra-Zeneca,ABV5297,2561
2021,04,Astra-Zeneca,ABV5811,3370
2021,04,Astra-Zeneca,ABV5811        ,1
2021,04,Astra-Zeneca,ABV6096,1304
2021,04,Astra-Zeneca,ABV7764,6627
2021,04,Astra-Zeneca,ABV7764 ,23
2021,04,Astra-Zeneca,ABV7764  ,4
2021,04,Astra-Zeneca,ABV7764        ,11
2021,04,Astra-Zeneca,ABV8139,1569
2021,04,Astra-Zeneca,ABV8139 ,155
2021,04,Astra-Zeneca,ABV8139        ,1
2021,04,Astra-Zeneca,ABW1277,2186
2021,04,Astra-Zeneca,ABW1277 ,1
2021,04,Astra-Zeneca,ABW1277        ,2
2021,04,Astra-Zeneca,ABW2187,86983
2021,04,Astra-Zeneca,ABW2187 ,24
2021,04,Astra-Zeneca,ABW2187  ,7
2021,04,Astra-Zeneca,ABW2187     ,4
2021,04,Astra-Zeneca,ABW2187        ,109
2021,04,Astra-Zeneca,ABW2187                       ,1
2021,04,Astra-Zeneca,ABW2953,815
2021,04,Astra-Zeneca,ABW4801,149
2021,04,Astra-Zeneca,ABW9941,9578
2021,04,Astra-Zeneca,ABW9941 ,20
2021,04,Astra-Zeneca,ABW9941        ,5
2021,04,Astra-Zeneca,ABX3502,18442
2021,04,Astra-Zeneca,ABX3502   ,69
2021,04,Astra-Zeneca,ABX3502     ,1
2021,04,Astra-Zeneca,ABX3502        ,15
2021,04,Astra-Zeneca,ABX3519,28
2021,04,Astra-Zeneca,ABX4044,230
2021,04,Astra-Zeneca,ABX4044 ,1
2021,04,Astra-Zeneca,ABX5105,28
2021,04,Astra-Zeneca,ABY1328,20
2021,04,Astra-Zeneca,ABY4055,1
2021,04,Astra-Zeneca,EW2239,1
2021,04,Astra-Zeneca,EX0893,1
2021,04,Astra-Zeneca,M74839V,1
2021,04,Astra-Zeneca,XD974,1
2021,04,Comirnaty,,94029
2021,04,Comirnaty,007G21A,1
2021,04,Comirnaty,1F1006A,2
2021,04,Comirnaty,1F1020A,8
2021,04,Comirnaty,1K082A,1
2021,04,Comirnaty,1K082A ,1
2021,04,Comirnaty,3000493,3
2021,04,Comirnaty,3000496,1
2021,04,Comirnaty,3001531,31
2021,04,Comirnaty,3001659,24
2021,04,Comirnaty,3001943,1
2021,04,Comirnaty,ABV4678,3
2021,04,Comirnaty,ABV4678 ,2
2021,04,Comirnaty,ABV5297,1
2021,04,Comirnaty,ABV5811,8
2021,04,Comirnaty,ABV5811 ,1
2021,04,Comirnaty,ABV7764,4
2021,04,Comirnaty,ABW1277,2
2021,04,Comirnaty,ABW2187,61
2021,04,Comirnaty,ABW4801,3
2021,04,Comirnaty,ABW9941,2
2021,04,Comirnaty,ABX3502,31
2021,04,Comirnaty,ABX4044,1
2021,04,Comirnaty,EJ6134,1
2021,04,Comirnaty,EJ6790,61
2021,04,Comirnaty,EJ6797,47
2021,04,Comirnaty,EK9788,7
2021,04,Comirnaty,EL0725,1
2021,04,Comirnaty,EL1484,4
2021,04,Comirnaty,EL1491,59
2021,04,Comirnaty,EP2163,66
2021,04,Comirnaty,EP2163 ,1
2021,04,Comirnaty,EP2166,35
2021,04,Comirnaty,ET1831,676
2021,04,Comirnaty,ET3620,193
2021,04,Comirnaty,ET6956,115615
2021,04,Comirnaty,ET6956 ,6
2021,04,Comirnaty,ET7205,6845
2021,04,Comirnaty,ET7205 ,25
2021,04,Comirnaty,EW2239,43666
2021,04,Comirnaty,EW2239 ,212
2021,04,Comirnaty,EW2246,135776
2021,04,Comirnaty,EW2246 ,122
2021,04,Comirnaty,EW4815,142137
2021,04,Comirnaty,EW4815 ,63
2021,04,Comirnaty,EX0893,88998
2021,04,Comirnaty,EX0893 ,2
2021,04,Comirnaty,EX3599,44934
2021,04,Comirnaty,EX3599 ,27
2021,04,Comirnaty,EY3014,72854
2021,04,Comirnaty,EY3014 ,16
2021,04,Comirnaty,EY7015,54
2021,04,Comirnaty,FA4597,7
2021,04,Comirnaty,FA4598,24
2021,04,Comirnaty,FA5829,2
2021,04,Comirnaty,FC0681,68
2021,04,Comirnaty,FC0681 ,1
2021,04,Comirnaty,FC2473,36
2021,04,Comirnaty,FD0168,7
2021,04,Comirnaty,FD1921,33
2021,04,Comirnaty,FD1921 ,1
2021,04,Comirnaty,FD4555,1
2021,04,Comirnaty,FD6840,3
2021,04,Comirnaty,FE1248,1
2021,04,Comirnaty,FE2296,1
2021,04,Comirnaty,FE6208,3
2021,04,Comirnaty,FE8244,2
2021,04,Comirnaty,FF2832,5
2021,04,Comirnaty,FF3318,1
2021,04,Comirnaty,FG3739,5
2021,04,Comirnaty,FG4509,1
2021,04,Comirnaty,FK0594,2
2021,04,Comirnaty,FL4213,8
2021,04,Comirnaty,FM7533,6
2021,04,Comirnaty,FM7785,3
2021,04,Comirnaty,FM9088,1
2021,04,Comirnaty,FN5519,2
2021,04,Comirnaty,FP1972,2
2021,04,Comirnaty,FP8956,2
2021,04,Comirnaty,FP9632,1
2021,04,Comirnaty,GH9722,1
2021,04,Comirnaty,PCA0002,1
2021,04,Comirnaty,PCA0003,1
2021,04,Comirnaty,PCB0001,7
2021,04,Comirnaty,SCTR1,5
2021,04,Janssen,,614
2021,04,Janssen,1F1020A,1
2021,04,Janssen,21C10-05,1
2021,04,Janssen,21C17-05,2
2021,04,Janssen,21C18-05,1
2021,04,Janssen,ABV5811,1
2021,04,Janssen,ABW2187,1
2021,04,Janssen,ACA6111,1
2021,04,Janssen,FG3739,1
2021,04,Janssen,SCTR1,1
2021,04,Janssen,XD955,5836
2021,04,Janssen,XD955          ,5
2021,04,Janssen,XD975,2
2021,04,Janssen,XE393,4
2021,04,Others,,37
2021,04,Spikevax,,16928
2021,04,Spikevax,000058A,2
2021,04,Spikevax,000090A,1
2021,04,Spikevax,000397A,1
2021,04,Spikevax,090F21A,4
2021,04,Spikevax,1F1006A,1
2021,04,Spikevax,216040,1
2021,04,Spikevax,216046,1
2021,04,Spikevax,300042698,1
2021,04,Spikevax,300042721,53
2021,04,Spikevax,3000493,138
2021,04,Spikevax,3000496,3299
2021,04,Spikevax,3000496 ,1
2021,04,Spikevax,3001531,23002
2021,04,Spikevax,3001531 ,5
2021,04,Spikevax,3001531     ,1
2021,04,Spikevax,3001531        ,21
2021,04,Spikevax,3001659,25392
2021,04,Spikevax,3001659 ,73
2021,04,Spikevax,3001659  ,1
2021,04,Spikevax,3001659        ,28
2021,04,Spikevax,3001939,3555
2021,04,Spikevax,3001939 ,1
2021,04,Spikevax,3001943,75
2021,04,Spikevax,3001943 ,1
2021,04,Spikevax,3002330,30
2021,04,Spikevax,3002339,37
2021,04,Spikevax,3002546,16
2021,04,Spikevax,3002916,5
2021,04,Spikevax,3002920,4
2021,04,Spikevax,3003601,2
2021,04,Spikevax,3003606,2
2021,04,Spikevax,3003659,21
2021,04,Spikevax,3004218,2
2021,04,Spikevax,3004493,2
2021,04,Spikevax,3004670,3
2021,04,Spikevax,3005238,2
2021,04,Spikevax,3005242,2
2021,04,Spikevax,ABV4678,1
2021,04,Spikevax,ABV5811,37
2021,04,Spikevax,ABV7764        ,1
2021,04,Spikevax,ABW1277,1
2021,04,Spikevax,ABW2187,63
2021,04,Spikevax,ABW9941,3
2021,04,Spikevax,ABX3502,1
2021,04,Spikevax,ABX4044,1
2021,04,Spikevax,EW2239,1
2021,04,Spikevax,EW2246,8
2021,04,Spikevax,EW4815,1
2021,04,Spikevax,EX0893,3
2021,05,Astra-Zeneca,,5032
2021,05,Astra-Zeneca,1F1020A,1
2021,05,Astra-Zeneca,210102,15
2021,05,Astra-Zeneca,210105,31
2021,05,Astra-Zeneca,210155,7
2021,05,Astra-Zeneca,21C17-05,1
2021,05,Astra-Zeneca,3001943,15
2021,05,Astra-Zeneca,3002339,1
2021,05,Astra-Zeneca,3002916,1
2021,05,Astra-Zeneca,3002920,1
2021,05,Astra-Zeneca,3003606        ,1
2021,05,Astra-Zeneca,3003659,1
2021,05,Astra-Zeneca,ABV2856,30
2021,05,Astra-Zeneca,ABV2856 ,1
2021,05,Astra-Zeneca,ABV4678,550
2021,05,Astra-Zeneca,ABV4678 ,8
2021,05,Astra-Zeneca,ABV5297,90
2021,05,Astra-Zeneca,ABV5811,668
2021,05,Astra-Zeneca,ABV6096,469
2021,05,Astra-Zeneca,ABV7764,394
2021,05,Astra-Zeneca,ABV8139,106
2021,05,Astra-Zeneca,ABW1277,272
2021,05,Astra-Zeneca,ABW1277 ,1
2021,05,Astra-Zeneca,ABW2187,6799
2021,05,Astra-Zeneca,ABW2187 ,3
2021,05,Astra-Zeneca,ABW2187        ,8
2021,05,Astra-Zeneca,ABW2953,4875
2021,05,Astra-Zeneca,ABW4801,28378
2021,05,Astra-Zeneca,ABW4801 ,15
2021,05,Astra-Zeneca,ABW4801  ,12
2021,05,Astra-Zeneca,ABW4801        ,39
2021,05,Astra-Zeneca,ABW9941,2073
2021,05,Astra-Zeneca,ABW9941        ,1
2021,05,Astra-Zeneca,ABX3502,9199
2021,05,Astra-Zeneca,ABX3502 ,25
2021,05,Astra-Zeneca,ABX3502   ,9
2021,05,Astra-Zeneca,ABX3502        ,1
2021,05,Astra-Zeneca,ABX3519,103
2021,05,Astra-Zeneca,ABX4044,59
2021,05,Astra-Zeneca,ABX5105,268
2021,05,Astra-Zeneca,ABY1328,14
2021,05,Astra-Zeneca,EY3014,2
2021,05,Astra-Zeneca,EY7015,1
2021,05,Astra-Zeneca,XD955,6
2021,05,Astra-Zeneca,XD974,2
2021,05,Comirnaty,,154535
2021,05,Comirnaty,1F1005A,3
2021,05,Comirnaty,1F1006A,2
2021,05,Comirnaty,1F1020A,16
2021,05,Comirnaty,1K082A,7
2021,05,Comirnaty,1K082A ,2
2021,05,Comirnaty,21C10-05,1
2021,05,Comirnaty,3001531,2
2021,05,Comirnaty,3001659,13
2021,05,Comirnaty,3001939,8
2021,05,Comirnaty,3001943,10
2021,05,Comirnaty,3002330,10
2021,05,Comirnaty,3002339,85
2021,05,Comirnaty,3002916,1
2021,05,Comirnaty,3003659,2
2021,05,Comirnaty,36660TB,1
2021,05,Comirnaty,ABV2856,1
2021,05,Comirnaty,ABV5811,6
2021,05,Comirnaty,ABW2187,6
2021,05,Comirnaty,ABW2953,8
2021,05,Comirnaty,ABW4801,26
2021,05,Comirnaty,ABW4801         ,1
2021,05,Comirnaty,ABW9941,1
2021,05,Comirnaty,ABX3502,68
2021,05,Comirnaty,ABX3519,1
2021,05,Comirnaty,ABX4044,2
2021,05,Comirnaty,EJ6790,3
2021,05,Comirnaty,EP2163,4
2021,05,Comirnaty,EP2166,28
2021,05,Comirnaty,ET1831,12
2021,05,Comirnaty,ET3620,252
2021,05,Comirnaty,ET6956,12451
2021,05,Comirnaty,ET7205,29
2021,05,Comirnaty,EW2239,799
2021,05,Comirnaty,EW2246,1199
2021,05,Comirnaty,EW2246 ,39
2021,05,Comirnaty,EW2246  ,4
2021,05,Comirnaty,EW4815,1867
2021,05,Comirnaty,EW4815 ,1
2021,05,Comirnaty,EX0893,6146
2021,05,Comirnaty,EX0893 ,1
2021,05,Comirnaty,EX3599,605
2021,05,Comirnaty,EX3599 ,1
2021,05,Comirnaty,EX8680,302
2021,05,Comirnaty,EY3014,258187
2021,05,Comirnaty,EY3014 ,52
2021,05,Comirnaty,EY7015,369486
2021,05,Comirnaty,EY7015 ,812
2021,05,Comirnaty,EY7015  ,1
2021,05,Comirnaty,FA4597,1550
2021,05,Comirnaty,FA4598,330205
2021,05,Comirnaty,FA4598 ,35
2021,05,Comirnaty,FA5829,4264
2021,05,Comirnaty,FA7082,1130
2021,05,Comirnaty,FC0681,255300
2021,05,Comirnaty,FC0681 ,22
2021,05,Comirnaty,FC2473,119992
2021,05,Comirnaty,FC2473 ,27
2021,05,Comirnaty,FD0168,66
2021,05,Comirnaty,FD1921,63
2021,05,Comirnaty,FD4555,24
2021,05,Comirnaty,FD4555 ,1
2021,05,Comirnaty,FD6840,60
2021,05,Comirnaty,FE1248,33
2021,05,Comirnaty,FE2296,4
2021,05,Comirnaty,FE6208,35
2021,05,Comirnaty,FE8244,2
2021,05,Comirnaty,FF0680,3
2021,05,Comirnaty,FF2832,6
2021,05,Comirnaty,FF3318,5
2021,05,Comirnaty,FG3739,8
2021,05,Comirnaty,FG4509,5
2021,05,Comirnaty,FK0594,16
2021,05,Comirnaty,FL4213,3
2021,05,Comirnaty,FL5324,2
2021,05,Comirnaty,FM7533,32
2021,05,Comirnaty,FM7785,5
2021,05,Comirnaty,FM9088,8
2021,05,Comirnaty,FN5519,13
2021,05,Comirnaty,FP1972,7
2021,05,Comirnaty,FP8234,1
2021,05,Comirnaty,FP8956,4
2021,05,Comirnaty,FP9632,2
2021,05,Comirnaty,GH9851,1
2021,05,Comirnaty,PCA0002,5
2021,05,Comirnaty,PCA0003,2
2021,05,Comirnaty,PCB0001,12
2021,05,Comirnaty,SCTR1,8
2021,05,Comirnaty,XD955,2
2021,05,Janssen,,2164
2021,05,Janssen,1F1005A,2
2021,05,Janssen,1F1020A,2
2021,05,Janssen,1K082A,2
2021,05,Janssen,21C10-05,11609
2021,05,Janssen,21C10-05 ,26
2021,05,Janssen,21C10-05   ,60
2021,05,Janssen,21C10-05       ,8
2021,05,Janssen,21C11-05,7019
2021,05,Janssen,21C11-05 ,26
2021,05,Janssen,21C11-05  ,5
2021,05,Janssen,21C11-05       ,19
2021,05,Janssen,21C17-05,12
2021,05,Janssen,3002339,1
2021,05,Janssen,ABV7764,23
2021,05,Janssen,ABW4801,52
2021,05,Janssen,ABX3502,2
2021,05,Janssen,ABX3519,1
2021,05,Janssen,ABX4044,1
2021,05,Janssen,ABZ5320,4
2021,05,Janssen,ACA5775,2
2021,05,Janssen,ACA6111,7
2021,05,Janssen,FM7533,1
2021,05,Janssen,XD955,8746
2021,05,Janssen,XD955          ,4
2021,05,Janssen,XD974,5
2021,05,Janssen,XD975,4525
2021,05,Janssen,XD975          ,6
2021,05,Janssen,XD986,72
2021,05,Janssen,XE393,13
2021,05,Janssen,XE423,3
2021,05,Others,,43
2021,05,Spikevax,,6993
2021,05,Spikevax,000058A,5
2021,05,Spikevax,000187A,1
2021,05,Spikevax,000371A,1
2021,05,Spikevax,090F21A,1
2021,05,Spikevax,216040,1
2021,05,Spikevax,216041,4
2021,05,Spikevax,21C10-05,7
2021,05,Spikevax,300042721,8
2021,05,Spikevax,3000493,23
2021,05,Spikevax,3000496,50
2021,05,Spikevax,3001531,672
2021,05,Spikevax,3001659,6663
2021,05,Spikevax,3001659 ,1
2021,05,Spikevax,3001939,14308
2021,05,Spikevax,3001939 ,8
2021,05,Spikevax,3001943,23549
2021,05,Spikevax,3001943 ,105
2021,05,Spikevax,3001943        ,7
2021,05,Spikevax,3002330,31205
2021,05,Spikevax,3002330 ,53
2021,05,Spikevax,3002330  ,3
2021,05,Spikevax,3002330   ,1
2021,05,Spikevax,3002330    ,1
2021,05,Spikevax,3002330        ,8
2021,05,Spikevax,3002339,18789
2021,05,Spikevax,3002339 ,9
2021,05,Spikevax,3002339  ,15
2021,05,Spikevax,3002339        ,43
2021,05,Spikevax,3002546,9022
2021,05,Spikevax,3002546        ,1
2021,05,Spikevax,3002916,370
2021,05,Spikevax,3002916        ,1
2021,05,Spikevax,3002920,33
2021,05,Spikevax,3003601,30
2021,05,Spikevax,3003601 ,1
2021,05,Spikevax,3003606,19
2021,05,Spikevax,3003659,88
2021,05,Spikevax,3004218,1
2021,05,Spikevax,3004493,8
2021,05,Spikevax,3004670,4
2021,05,Spikevax,3004738,3
2021,05,Spikevax,3005238,1
2021,05,Spikevax,3005242,2
2021,05,Spikevax,ABW2187,51
2021,05,Spikevax,ABW4801,21
2021,05,Spikevax,ABW4801        ,1
2021,05,Spikevax,ABX5105,1
2021,05,Spikevax,EW2246,1
2021,05,Spikevax,EY3014,10
2021,05,Spikevax,EY7015,8
2021,05,Spikevax,FA4598,7
2021,05,Spikevax,FC0681,5
2021,05,Spikevax,FC2473,1
2021,05,Spikevax,FF3318,1
2021,05,Spikevax,FG3739,1
2021,05,Spikevax,FL5324,1
2021,05,Spikevax,PCA0003,2
2021,05,Spikevax,XD986,1
2021,06,Astra-Zeneca,,686
2021,06,Astra-Zeneca,1K082A,1
2021,06,Astra-Zeneca,210102,17
2021,06,Astra-Zeneca,210105,34
2021,06,Astra-Zeneca,210155,2
2021,06,Astra-Zeneca,3002916,2
2021,06,Astra-Zeneca,ABV2856,1
2021,06,Astra-Zeneca,ABV4678,38
2021,06,Astra-Zeneca,ABV5297,2
2021,06,Astra-Zeneca,ABV5811,26
2021,06,Astra-Zeneca,ABV6096,52
2021,06,Astra-Zeneca,ABV7764,7
2021,06,Astra-Zeneca,ABV8139,49
2021,06,Astra-Zeneca,ABW1277,18
2021,06,Astra-Zeneca,ABW2187,224
2021,06,Astra-Zeneca,ABW2953,161
2021,06,Astra-Zeneca,ABW4801,1823
2021,06,Astra-Zeneca,ABW4801        ,3
2021,06,Astra-Zeneca,ABW9941,87
2021,06,Astra-Zeneca,ABX3502,143
2021,06,Astra-Zeneca,ABX3519,106
2021,06,Astra-Zeneca,ABX4044,424
2021,06,Astra-Zeneca,ABX4044 ,2
2021,06,Astra-Zeneca,ABX5105,112
2021,06,Astra-Zeneca,ABY1328,19
2021,06,Astra-Zeneca,FD6840,1
2021,06,Astra-Zeneca,FE1248,1
2021,06,Astra-Zeneca,GD6798,1
2021,06,Astra-Zeneca,XD974,1
2021,06,Comirnaty,,130701
2021,06,Comirnaty,150001,1
2021,06,Comirnaty,1F1005A,5
2021,06,Comirnaty,1F1006A,1
2021,06,Comirnaty,1F1020A,31
2021,06,Comirnaty,1K082A,14
2021,06,Comirnaty,1K082A ,4
2021,06,Comirnaty,21C11-05,1
2021,06,Comirnaty,21C16-05,2
2021,06,Comirnaty,21C17-05,1
2021,06,Comirnaty,3001659,1
2021,06,Comirnaty,3001943,9
2021,06,Comirnaty,3002330,38
2021,06,Comirnaty,3002339,76
2021,06,Comirnaty,3002546,9
2021,06,Comirnaty,3002916,27
2021,06,Comirnaty,3002920,4
2021,06,Comirnaty,3003601,6
2021,06,Comirnaty,3003606,1
2021,06,Comirnaty,3004218,1
2021,06,Comirnaty,31100TB,1
2021,06,Comirnaty,ABV4678,1
2021,06,Comirnaty,ABV7764,10
2021,06,Comirnaty,ABV8139,1
2021,06,Comirnaty,ABW2953,1
2021,06,Comirnaty,ABX3519,2
2021,06,Comirnaty,ABX4044,6
2021,06,Comirnaty,ABX5105,1
2021,06,Comirnaty,ABY1328,1
2021,06,Comirnaty,EJ6790,1
2021,06,Comirnaty,EJ6797,1
2021,06,Comirnaty,EL0725,2
2021,06,Comirnaty,EL1491,1
2021,06,Comirnaty,EP2163,3
2021,06,Comirnaty,ET1831,5
2021,06,Comirnaty,ET3620,15
2021,06,Comirnaty,ET6956,16
2021,06,Comirnaty,ET7205,1
2021,06,Comirnaty,EW2239,7
2021,06,Comirnaty,EW2246,265
2021,06,Comirnaty,EW2246  ,96
2021,06,Comirnaty,EW4815,12
2021,06,Comirnaty,EX0893,1
2021,06,Comirnaty,EX3599,20
2021,06,Comirnaty,EX8680,139
2021,06,Comirnaty,EY3014,48
2021,06,Comirnaty,EY7015,1201
2021,06,Comirnaty,FA4597,1
2021,06,Comirnaty,FA4598,6584
2021,06,Comirnaty,FA4598 ,3
2021,06,Comirnaty,FA5829,1
2021,06,Comirnaty,FA7082,492
2021,06,Comirnaty,FC0681,22524
2021,06,Comirnaty,FC0681 ,65
2021,06,Comirnaty,FC0681         ,1
2021,06,Comirnaty,FC2473,111965
2021,06,Comirnaty,FC2473 ,348
2021,06,Comirnaty,FC2473  ,1
2021,06,Comirnaty,FD0168,185332
2021,06,Comirnaty,FD0168 ,189
2021,06,Comirnaty,FD1921,342018
2021,06,Comirnaty,FD1921 ,119
2021,06,Comirnaty,FD4555,64841
2021,06,Comirnaty,FD4555 ,35
2021,06,Comirnaty,FD6840,79648
2021,06,Comirnaty,FD6840 ,48
2021,06,Comirnaty,FE1248,69405
2021,06,Comirnaty,FE1248 ,82
2021,06,Comirnaty,FE2296,9
2021,06,Comirnaty,FE6208,1048
2021,06,Comirnaty,FE7051,14
2021,06,Comirnaty,FE8244,26
2021,06,Comirnaty,FF0680,51
2021,06,Comirnaty,FF2832,6
2021,06,Comirnaty,FF3318,52
2021,06,Comirnaty,FG3739,9
2021,06,Comirnaty,FG4509,9
2021,06,Comirnaty,FK0594,14
2021,06,Comirnaty,FL4213,5
2021,06,Comirnaty,FL5324,2
2021,06,Comirnaty,FM7533,51
2021,06,Comirnaty,FM7785,3
2021,06,Comirnaty,FM9088,6
2021,06,Comirnaty,FN4072,1
2021,06,Comirnaty,FN5519,17
2021,06,Comirnaty,FP1972,13
2021,06,Comirnaty,FP8234,2
2021,06,Comirnaty,FP8748,2
2021,06,Comirnaty,FP8956,7
2021,06,Comirnaty,GD6798,2
2021,06,Comirnaty,GH9722,3
2021,06,Comirnaty,GK4367,1
2021,06,Comirnaty,PCA0002,2
2021,06,Comirnaty,PCA0003,1
2021,06,Comirnaty,PCB0001,4
2021,06,Comirnaty,SCTR1,6
2021,06,Comirnaty,XD974,1
2021,06,Comirnaty,XD975,2
2021,06,Comirnaty,XD986,4
2021,06,Janssen,,4097
2021,06,Janssen,210105,1
2021,06,Janssen,21C10-05,885
2021,06,Janssen,21C10-05 ,13
2021,06,Janssen,21C10-05       ,3
2021,06,Janssen,21C11-05,3068
2021,06,Janssen,21C11-05 ,25
2021,06,Janssen,21C11-05       ,7
2021,06,Janssen,21C16-05,2616
2021,06,Janssen,21C16-05 ,20
2021,06,Janssen,21C16-05       ,5
2021,06,Janssen,21C17-05,1201
2021,06,Janssen,21C17-05       ,1
2021,06,Janssen,21C18-05,9
2021,06,Janssen,3001943,18
2021,06,Janssen,3002330,11
2021,06,Janssen,3002339,23
2021,06,Janssen,3002546,15
2021,06,Janssen,3002916,37
2021,06,Janssen,3002920,1
2021,06,Janssen,3003601,1
2021,06,Janssen,3003606,7
2021,06,Janssen,3004493,2
2021,06,Janssen,ABV7764,34
2021,06,Janssen,ABW2187,2
2021,06,Janssen,ABW2953,14
2021,06,Janssen,ABW4801,44
2021,06,Janssen,ABX3502,66
2021,06,Janssen,ABX3519,5
2021,06,Janssen,ABX4044,36
2021,06,Janssen,ABX5105,3
2021,06,Janssen,ABZ5320,6
2021,06,Janssen,ACA5775,9
2021,06,Janssen,ACA6111,14
2021,06,Janssen,FD0168,1
2021,06,Janssen,FE1248,2
2021,06,Janssen,FG3739,1
2021,06,Janssen,FK0594,2
2021,06,Janssen,FL4213,2
2021,06,Janssen,FM7533,3
2021,06,Janssen,T20,1
2021,06,Janssen,XD955,513
2021,06,Janssen,XD974,11025
2021,06,Janssen,XD974 ,8
2021,06,Janssen,XD974      ,1
2021,06,Janssen,XD974          ,37
2021,06,Janssen,XD975,9715
2021,06,Janssen,XD975 ,1
2021,06,Janssen,XD975    ,1
2021,06,Janssen,XD975      ,9
2021,06,Janssen,XD975          ,11
2021,06,Janssen,XD986,17668
2021,06,Janssen,XD986 ,12
2021,06,Janssen,XD986  ,5
2021,06,Janssen,XD986          ,39
2021,06,Janssen,XE393,43
2021,06,Janssen,XE423,2
2021,06,Others,,89
2021,06,Others,1K082A,1
2021,06,Others,GH9851,1
2021,06,Spikevax,,5312
2021,06,Spikevax,000058A,4
2021,06,Spikevax,000082A,1
2021,06,Spikevax,000139A,1
2021,06,Spikevax,000371A,4
2021,06,Spikevax,000397A,2
2021,06,Spikevax,007G21A,1
2021,06,Spikevax,090F21A,3
2021,06,Spikevax,1F1006A,1
2021,06,Spikevax,1F1020A,1
2021,06,Spikevax,1F1045A,2
2021,06,Spikevax,210102,1
2021,06,Spikevax,216040,2
2021,06,Spikevax,216041,2
2021,06,Spikevax,216046,6
2021,06,Spikevax,300042721,10
2021,06,Spikevax,3000493,122
2021,06,Spikevax,3000496,71
2021,06,Spikevax,3001531,149
2021,06,Spikevax,3001659,444
2021,06,Spikevax,3001939,917
2021,06,Spikevax,3001939 ,6
2021,06,Spikevax,3001943,3218
2021,06,Spikevax,3001943 ,2
2021,06,Spikevax,3001943  ,16
2021,06,Spikevax,3002330,8194
2021,06,Spikevax,3002330 ,37
2021,06,Spikevax,3002330      ,1
2021,06,Spikevax,3002330        ,3
2021,06,Spikevax,3002339,10536
2021,06,Spikevax,3002339 ,24
2021,06,Spikevax,3002339        ,52
2021,06,Spikevax,3002546,29242
2021,06,Spikevax,3002546 ,84
2021,06,Spikevax,3002546    ,3
2021,06,Spikevax,3002546     ,1
2021,06,Spikevax,3002546        ,14
2021,06,Spikevax,3002916,37973
2021,06,Spikevax,3002916 ,12
2021,06,Spikevax,3002916  ,2
2021,06,Spikevax,3002916     ,3
2021,06,Spikevax,3002916        ,33
2021,06,Spikevax,3002920,4423
2021,06,Spikevax,3003601,3289
2021,06,Spikevax,3003601 ,6
2021,06,Spikevax,3003606,1128
2021,06,Spikevax,3003606        ,2
2021,06,Spikevax,3003659,38
2021,06,Spikevax,3004218,44
2021,06,Spikevax,3004493,5
2021,06,Spikevax,3004670,11
2021,06,Spikevax,3005238,3
2021,06,Spikevax,3005242,3
2021,06,Spikevax,ABW1277,1
2021,06,Spikevax,ABW4801,22
2021,06,Spikevax,ABX3502,1
2021,06,Spikevax,ABX3519,1
2021,06,Spikevax,ABX4044,96
2021,06,Spikevax,ABX4044   ,1
2021,06,Spikevax,ABX5105,1
2021,06,Spikevax,FC2473,158
2021,06,Spikevax,FD0168,3
2021,06,Spikevax,FD1921,6
2021,06,Spikevax,FD4555,3
2021,06,Spikevax,FD6840,2
2021,06,Spikevax,FE1248,2
2021,06,Spikevax,FM7533,1
2021,06,Spikevax,SCTR1,1
2021,06,Spikevax,XD975,53
2021,06,Spikevax,XD986,3
2021,06,Spikevax,XE393,1
2021,07,Astra-Zeneca,,203
2021,07,Astra-Zeneca,1K082A,1
2021,07,Astra-Zeneca,210102,44
2021,07,Astra-Zeneca,210105,57
2021,07,Astra-Zeneca,210155,58
2021,07,Astra-Zeneca,3001939,1
2021,07,Astra-Zeneca,ABV5811,2
2021,07,Astra-Zeneca,ABV6096,1
2021,07,Astra-Zeneca,ABV7764,3
2021,07,Astra-Zeneca,ABV8139,1
2021,07,Astra-Zeneca,ABW2187,18
2021,07,Astra-Zeneca,ABW2953,12
2021,07,Astra-Zeneca,ABW4801,186
2021,07,Astra-Zeneca,ABW9941,19
2021,07,Astra-Zeneca,ABX3502,8
2021,07,Astra-Zeneca,ABX3519,26
2021,07,Astra-Zeneca,ABX4044,167
2021,07,Astra-Zeneca,ABX5105,5
2021,07,Astra-Zeneca,ABY1328,63
2021,07,Comirnaty,,58688
2021,07,Comirnaty,1F1005A,2
2021,07,Comirnaty,1F1020A,30
2021,07,Comirnaty,1K082A,31
2021,07,Comirnaty,1K082A ,3
2021,07,Comirnaty,210155,1
2021,07,Comirnaty,21C16-05,1
2021,07,Comirnaty,21C17-05,1
2021,07,Comirnaty,3000496,1
2021,07,Comirnaty,3002339,2
2021,07,Comirnaty,3002916,3
2021,07,Comirnaty,3003601,3
2021,07,Comirnaty,3003606,5
2021,07,Comirnaty,3004218,25
2021,07,Comirnaty,3004670,1
2021,07,Comirnaty,36660TB,1
2021,07,Comirnaty,ABW4801,3
2021,07,Comirnaty,ABX3519,1
2021,07,Comirnaty,ABX4044,1
2021,07,Comirnaty,EJ6790,1
2021,07,Comirnaty,EJ6796,2
2021,07,Comirnaty,EJ6797,1
2021,07,Comirnaty,EL0725,1
2021,07,Comirnaty,EP2163,3
2021,07,Comirnaty,EP2166,7
2021,07,Comirnaty,ET1831,1
2021,07,Comirnaty,EW2239,1
2021,07,Comirnaty,EW2246,53
2021,07,Comirnaty,EW4815,1
2021,07,Comirnaty,EX3599,1
2021,07,Comirnaty,EY3014,4
2021,07,Comirnaty,EY7015,221
2021,07,Comirnaty,FA4598,10
2021,07,Comirnaty,FC0681,37
2021,07,Comirnaty,FC2473,105
2021,07,Comirnaty,FC2473 ,1
2021,07,Comirnaty,FD0168,4865
2021,07,Comirnaty,FD1921,839
2021,07,Comirnaty,FD4555,9956
2021,07,Comirnaty,FD4555 ,2
2021,07,Comirnaty,FD6840,91994
2021,07,Comirnaty,FD6840 ,192
2021,07,Comirnaty,FD6840  ,49
2021,07,Comirnaty,FE1248,5687
2021,07,Comirnaty,FE2296,32522
2021,07,Comirnaty,FE6208,153384
2021,07,Comirnaty,FE6208 ,148
2021,07,Comirnaty,FE6208         ,1
2021,07,Comirnaty,FE7051,1707
2021,07,Comirnaty,FE8244,21446
2021,07,Comirnaty,FE8244 ,2
2021,07,Comirnaty,FF0680,70455
2021,07,Comirnaty,FF0680 ,126
2021,07,Comirnaty,FF0680  ,11
2021,07,Comirnaty,FF0680         ,1
2021,07,Comirnaty,FF2832,16
2021,07,Comirnaty,FF3318,52361
2021,07,Comirnaty,FF3318 ,11
2021,07,Comirnaty,FG3739,4
2021,07,Comirnaty,FG4509,26
2021,07,Comirnaty,FK0594,3
2021,07,Comirnaty,FL4213,2
2021,07,Comirnaty,FL5324,3
2021,07,Comirnaty,FM7533,18
2021,07,Comirnaty,FM7785,3
2021,07,Comirnaty,FM9088,17
2021,07,Comirnaty,FN4072,2
2021,07,Comirnaty,FN5519,10
2021,07,Comirnaty,FP1972,9
2021,07,Comirnaty,FP8956,5
2021,07,Comirnaty,FR3566,2
2021,07,Comirnaty,FR5493,3
2021,07,Comirnaty,GD6798,1
2021,07,Comirnaty,GJ1988,1
2021,07,Comirnaty,GK4367,1
2021,07,Comirnaty,PCA0002,1
2021,07,Comirnaty,PCB0001,3
2021,07,Comirnaty,PCB0017,2
2021,07,Comirnaty,SCTR1,8
2021,07,Comirnaty,XE393,9
2021,07,Janssen,,5605
2021,07,Janssen,210102,5
2021,07,Janssen,21C10-05,319
2021,07,Janssen,21C11-05,617
2021,07,Janssen,21C11-05       ,3
2021,07,Janssen,21C16-05,3645
2021,07,Janssen,21C17-05,3915
2021,07,Janssen,21C18-05,5899
2021,07,Janssen,21C18-05 ,1
2021,07,Janssen,21C18-05    ,1
2021,07,Janssen,21C18-05       ,8
2021,07,Janssen,3001943,41
2021,07,Janssen,3002546,6
2021,07,Janssen,3002920,30
2021,07,Janssen,3003601,9
2021,07,Janssen,3003606,4
2021,07,Janssen,3004218,2
2021,07,Janssen,ABW2187,11
2021,07,Janssen,ABW2953,3
2021,07,Janssen,ABW4801,3
2021,07,Janssen,ABX3502,2
2021,07,Janssen,ABX4044,58
2021,07,Janssen,ABX5105,2
2021,07,Janssen,ABY1328,1
2021,07,Janssen,ABY1328 ,30
2021,07,Janssen,ABZ5320,1
2021,07,Janssen,ACA5775,5
2021,07,Janssen,ACA6111,7
2021,07,Janssen,FD6840,3
2021,07,Janssen,FE6208,4
2021,07,Janssen,FE8244,3
2021,07,Janssen,FF0680,1
2021,07,Janssen,FF3318,1
2021,07,Janssen,FK0594,1
2021,07,Janssen,FL4213,1
2021,07,Janssen,FL5324,1
2021,07,Janssen,FP1972,1
2021,07,Janssen,PCB0017,1
2021,07,Janssen,SCTR1,2
2021,07,Janssen,XD955,286
2021,07,Janssen,XD974,5586
2021,07,Janssen,XD974 ,2
2021,07,Janssen,XD974      ,2
2021,07,Janssen,XD974          ,33
2021,07,Janssen,XD975,2358
2021,07,Janssen,XD975 ,3
2021,07,Janssen,XD975          ,5
2021,07,Janssen,XD986,7726
2021,07,Janssen,XD986 ,28
2021,07,Janssen,XD986          ,8
2021,07,Janssen,XE393,14601
2021,07,Janssen,XE393 ,211
2021,07,Janssen,XE393  ,2
2021,07,Janssen,XE393          ,1
2021,07,Janssen,XE423,11
2021,07,Others,,52
2021,07,Spikevax,,1216
2021,07,Spikevax,000058A,4
2021,07,Spikevax,000139A,2
2021,07,Spikevax,000187A,1
2021,07,Spikevax,000275A,1
2021,07,Spikevax,000371A,2
2021,07,Spikevax,000397A,4
2021,07,Spikevax,007G21A,2
2021,07,Spikevax,1F1020A,2
2021,07,Spikevax,1K082A,2
2021,07,Spikevax,210102,3
2021,07,Spikevax,216040,3
2021,07,Spikevax,216046,7
2021,07,Spikevax,300042698,1
2021,07,Spikevax,300042721,1
2021,07,Spikevax,3000496,4
2021,07,Spikevax,3001531,107
2021,07,Spikevax,3001659,23
2021,07,Spikevax,3001939,741
2021,07,Spikevax,3001939       ,3
2021,07,Spikevax,3001939        ,3
2021,07,Spikevax,3001943,520
2021,07,Spikevax,3001943 ,2
2021,07,Spikevax,3002330,1539
2021,07,Spikevax,3002330 ,2
2021,07,Spikevax,3002339,973
2021,07,Spikevax,3002546,1986
2021,07,Spikevax,3002546 ,2
2021,07,Spikevax,3002916,2181
2021,07,Spikevax,3002916        ,1
2021,07,Spikevax,3002920,2768
2021,07,Spikevax,3003601,3227
2021,07,Spikevax,3003601 ,3
2021,07,Spikevax,3003601        ,4
2021,07,Spikevax,3003606,3642
2021,07,Spikevax,3003606     ,7
2021,07,Spikevax,3003659,289
2021,07,Spikevax,3004218,3953
2021,07,Spikevax,3004218 ,3
2021,07,Spikevax,3004493,3
2021,07,Spikevax,3004670,48
2021,07,Spikevax,3004738,1
2021,07,Spikevax,3005242,2
2021,07,Spikevax,ABW4801,1
2021,07,Spikevax,ABX4044,5
2021,07,Spikevax,FD6840,3
2021,07,Spikevax,FE6208,2
2021,07,Spikevax,FF0680,6
2021,07,Spikevax,XD974          ,1
2021,07,Spikevax,XD986,2
2021,07,Spikevax,XE393,1
2021,08,Astra-Zeneca,,129
2021,08,Astra-Zeneca,210102,26
2021,08,Astra-Zeneca,210105,64
2021,08,Astra-Zeneca,210105         ,1
2021,08,Astra-Zeneca,210155,35
2021,08,Astra-Zeneca,3002916,1
2021,08,Astra-Zeneca,ABV6096,1
2021,08,Astra-Zeneca,ABW2953,1
2021,08,Astra-Zeneca,ABW4801,18
2021,08,Astra-Zeneca,ABW9941,2
2021,08,Astra-Zeneca,ABX3502,3
2021,08,Astra-Zeneca,ABX3519,3
2021,08,Astra-Zeneca,ABX4044,55
2021,08,Astra-Zeneca,ABY1328,67
2021,08,Astra-Zeneca,ABY4055,1
2021,08,Comirnaty,,24064
2021,08,Comirnaty,1F1005A,1
2021,08,Comirnaty,1F1006A,2
2021,08,Comirnaty,1F1020A,10
2021,08,Comirnaty,1F1045A,1
2021,08,Comirnaty,1K082A,15
2021,08,Comirnaty,1K082A ,3
2021,08,Comirnaty,3002330,3
2021,08,Comirnaty,3002916,1
2021,08,Comirnaty,3003601,3
2021,08,Comirnaty,3003606,4
2021,08,Comirnaty,3004218,6
2021,08,Comirnaty,3004738,2
2021,08,Comirnaty,36660TB,1
2021,08,Comirnaty,ABXB51AA ,1
2021,08,Comirnaty,ABY1328,1
2021,08,Comirnaty,EJ6790,1
2021,08,Comirnaty,EJ6797,6
2021,08,Comirnaty,ET6956,30
2021,08,Comirnaty,EW4815,1
2021,08,Comirnaty,EX8680,116
2021,08,Comirnaty,EY3014,1
2021,08,Comirnaty,EY7015,2
2021,08,Comirnaty,FA4598,5
2021,08,Comirnaty,FC0681,3
2021,08,Comirnaty,FC2473,1
2021,08,Comirnaty,FD0168,266
2021,08,Comirnaty,FD1921,13
2021,08,Comirnaty,FD4555,49
2021,08,Comirnaty,FD6840,15526
2021,08,Comirnaty,FE1248,187
2021,08,Comirnaty,FE2296,709
2021,08,Comirnaty,FE2296 ,2
2021,08,Comirnaty,FE6208,17694
2021,08,Comirnaty,FE7051,38421
2021,08,Comirnaty,FE7051 ,6
2021,08,Comirnaty,FE8244,37816
2021,08,Comirnaty,FE8244 ,86
2021,08,Comirnaty,FF0680,20747
2021,08,Comirnaty,FF0680 ,4
2021,08,Comirnaty,FF2832,9715
2021,08,Comirnaty,FF2832 ,12
2021,08,Comirnaty,FF3318,27758
2021,08,Comirnaty,FF3318 ,3
2021,08,Comirnaty,FG3739,4
2021,08,Comirnaty,FG4509,24295
2021,08,Comirnaty,FK0594,12
2021,08,Comirnaty,FL5324,1
2021,08,Comirnaty,FM7533,7
2021,08,Comirnaty,FM7785,1
2021,08,Comirnaty,FM9088,5
2021,08,Comirnaty,FN4072,1
2021,08,Comirnaty,FN5519,5
2021,08,Comirnaty,FP1972,4
2021,08,Comirnaty,FP8748,1
2021,08,Comirnaty,FP8956,4
2021,08,Comirnaty,FP9632,1
2021,08,Comirnaty,GH9722,1
2021,08,Comirnaty,PCA0002,1
2021,08,Comirnaty,SCTR1,7
2021,08,Comirnaty,XD974,2
2021,08,Comirnaty,XE393,12
2021,08,Janssen,,6587
2021,08,Janssen,000039A,1
2021,08,Janssen,1F1020A,2
2021,08,Janssen,210102,1
2021,08,Janssen,210105,13
2021,08,Janssen,21C10-05,124
2021,08,Janssen,21C11-05,215
2021,08,Janssen,21C11-05       ,1
2021,08,Janssen,21C16-05,1802
2021,08,Janssen,21C17-05,2266
2021,08,Janssen,21C17-05       ,2
2021,08,Janssen,21C18-05,4215
2021,08,Janssen,21C18-05 ,38
2021,08,Janssen,21C18-05       ,8
2021,08,Janssen,3001943,19
2021,08,Janssen,3002916,2
2021,08,Janssen,3002920,10
2021,08,Janssen,3003606,2
2021,08,Janssen,3003606        ,1
2021,08,Janssen,3003659,1
2021,08,Janssen,3004218,12
2021,08,Janssen,3004670,1
2021,08,Janssen,ABW1277,10
2021,08,Janssen,ABW2187,24
2021,08,Janssen,ABW2953,24
2021,08,Janssen,ABX4044,7
2021,08,Janssen,ABY1328,17
2021,08,Janssen,ACA5775,2
2021,08,Janssen,ACA6111,8
2021,08,Janssen,FE7051,9
2021,08,Janssen,FE8244,2
2021,08,Janssen,FF0680,8
2021,08,Janssen,FF2832,5
2021,08,Janssen,FF3318,3
2021,08,Janssen,FG4509,5
2021,08,Janssen,FM7533,1
2021,08,Janssen,XD955,180
2021,08,Janssen,XD955          ,1
2021,08,Janssen,XD974,3467
2021,08,Janssen,XD974 ,4
2021,08,Janssen,XD974          ,15
2021,08,Janssen,XD975,1183
2021,08,Janssen,XD986,4132
2021,08,Janssen,XD986 ,16
2021,08,Janssen,XD986       ,1
2021,08,Janssen,XD986          ,3
2021,08,Janssen,XE393,28912
2021,08,Janssen,XE393 ,12
2021,08,Janssen,XE393          ,1
2021,08,Janssen,XE423,6873
2021,08,Janssen,XE423 ,38
2021,08,Others,,32
2021,08,Others,GJ1988,1
2021,08,Spikevax,,868
2021,08,Spikevax,000058A,2
2021,08,Spikevax,000090A,1
2021,08,Spikevax,000371A,8
2021,08,Spikevax,000397A,2
2021,08,Spikevax,090F21A,2
2021,08,Spikevax,1F1006A,2
2021,08,Spikevax,1F1020A,4
2021,08,Spikevax,1K082A,5
2021,08,Spikevax,216040,1
2021,08,Spikevax,216046,8
2021,08,Spikevax,3001531,15
2021,08,Spikevax,3001659,28
2021,08,Spikevax,3001939,162
2021,08,Spikevax,3001939        ,7
2021,08,Spikevax,3001943,79
2021,08,Spikevax,3002330,425
2021,08,Spikevax,3002339,309
2021,08,Spikevax,3002546,933
2021,08,Spikevax,3002916,455
2021,08,Spikevax,3002916        ,1
2021,08,Spikevax,3002920,711
2021,08,Spikevax,3003601,1012
2021,08,Spikevax,3003601 ,1
2021,08,Spikevax,3003601        ,4
2021,08,Spikevax,3003606,2374
2021,08,Spikevax,3003606 ,1
2021,08,Spikevax,3003606        ,2
2021,08,Spikevax,3003659,866
2021,08,Spikevax,3004218,2508
2021,08,Spikevax,3004218 ,2
2021,08,Spikevax,3004493,110
2021,08,Spikevax,3004670,1734
2021,08,Spikevax,3004670 ,1
2021,08,Spikevax,3004670     ,2
2021,08,Spikevax,3004738,5
2021,08,Spikevax,3005238,3
2021,08,Spikevax,3005242,2
2021,08,Spikevax,ABX5105,14
2021,08,Spikevax,FE7051,1
2021,08,Spikevax,FE8244,2
2021,08,Spikevax,FG4509,1
2021,08,Spikevax,FL5324,1
2021,08,Spikevax,FM7533,2
2021,08,Spikevax,XE393,1
2021,09,Astra-Zeneca,,158
2021,09,Astra-Zeneca,210102,7
2021,09,Astra-Zeneca,210105,21
2021,09,Astra-Zeneca,210155,21
2021,09,Astra-Zeneca,3003601,1
2021,09,Astra-Zeneca,3003606,1
2021,09,Astra-Zeneca,ABV6096,1
2021,09,Astra-Zeneca,ABW4801,18
2021,09,Astra-Zeneca,ABX4044,3
2021,09,Astra-Zeneca,ABY1328,39
2021,09,Astra-Zeneca,ABY4055,1
2021,09,Comirnaty,,9736
2021,09,Comirnaty,1F1005A,5
2021,09,Comirnaty,1F1006A,10
2021,09,Comirnaty,1F1020A,11
2021,09,Comirnaty,1K082A,14
2021,09,Comirnaty,1K082A ,3
2021,09,Comirnaty,3002546,1
2021,09,Comirnaty,3003601,7
2021,09,Comirnaty,3003606,2
2021,09,Comirnaty,31100TB,1
2021,09,Comirnaty,ACA6111,1
2021,09,Comirnaty,EJ6796,2
2021,09,Comirnaty,ET6956,1
2021,09,Comirnaty,EW2246,2
2021,09,Comirnaty,FC2473,4
2021,09,Comirnaty,FD0168,18
2021,09,Comirnaty,FD1921,1
2021,09,Comirnaty,FD4555,3
2021,09,Comirnaty,FD6840,8273
2021,09,Comirnaty,FE1248,2
2021,09,Comirnaty,FE2296,27
2021,09,Comirnaty,FE6208,79
2021,09,Comirnaty,FE7051,9181
2021,09,Comirnaty,FE8244,4556
2021,09,Comirnaty,FE8244 ,226
2021,09,Comirnaty,FF0680,4021
2021,09,Comirnaty,FF0680 ,12
2021,09,Comirnaty,FF2832,17333
2021,09,Comirnaty,FF2832 ,1
2021,09,Comirnaty,FF3318,3833
2021,09,Comirnaty,FG3739,914
2021,09,Comirnaty,FG4509,23584
2021,09,Comirnaty,FG4509 ,3
2021,09,Comirnaty,FK0594,8
2021,09,Comirnaty,FL4213,2
2021,09,Comirnaty,FL5324,1
2021,09,Comirnaty,FM7533,3
2021,09,Comirnaty,FM7785,2
2021,09,Comirnaty,FM9088,4
2021,09,Comirnaty,FN4072,1
2021,09,Comirnaty,FN5519,4
2021,09,Comirnaty,FP1972,10
2021,09,Comirnaty,FP8748,1
2021,09,Comirnaty,FP8956,8
2021,09,Comirnaty,PCA0003,1
2021,09,Comirnaty,PCB0001,1
2021,09,Comirnaty,PCB0017,1
2021,09,Comirnaty,SCTR1,3501
2021,09,Comirnaty,XD986,2
2021,09,Comirnaty,XE393,14
2021,09,Comirnaty,XE423,1
2021,09,Janssen,,3155
2021,09,Janssen,1F1020A,1
2021,09,Janssen,1K082A,2
2021,09,Janssen,216041,1
2021,09,Janssen,21C10-05,83
2021,09,Janssen,21C11-05,40
2021,09,Janssen,21C16-05,718
2021,09,Janssen,21C17-05,1034
2021,09,Janssen,21C18-05,1640
2021,09,Janssen,21C18-05 ,10
2021,09,Janssen,21C18-05       ,2
2021,09,Janssen,3001943,15
2021,09,Janssen,3002920,30
2021,09,Janssen,3004218,1
2021,09,Janssen,3004670,2
2021,09,Janssen,ABY1328,3
2021,09,Janssen,ABZ5320,2
2021,09,Janssen,ACA5775,4
2021,09,Janssen,ACA5778,1
2021,09,Janssen,ACA6111,5
2021,09,Janssen,EL0725,1
2021,09,Janssen,FE7051,5
2021,09,Janssen,FF0680,2
2021,09,Janssen,FF2832,8
2021,09,Janssen,FF3318,6
2021,09,Janssen,FG4509,24
2021,09,Janssen,FK0594,2
2021,09,Janssen,FM7533,1
2021,09,Janssen,SCTR1,1
2021,09,Janssen,XD955,98
2021,09,Janssen,XD974,586
2021,09,Janssen,XD974          ,2
2021,09,Janssen,XD975,246
2021,09,Janssen,XD986,622
2021,09,Janssen,XE393,23247
2021,09,Janssen,XE393 ,37
2021,09,Janssen,XE393  ,1
2021,09,Janssen,XE393          ,3
2021,09,Janssen,XE423,2116
2021,09,Others,,27
2021,09,Others,1K082A,1
2021,09,Spikevax,,894
2021,09,Spikevax,000090A,1
2021,09,Spikevax,000371A,3
2021,09,Spikevax,000397A,2
2021,09,Spikevax,090F21A,1
2021,09,Spikevax,1F1020A,1
2021,09,Spikevax,216040,1
2021,09,Spikevax,216041,1
2021,09,Spikevax,216046,2
2021,09,Spikevax,3001531,17
2021,09,Spikevax,3001659,55
2021,09,Spikevax,3001939,75
2021,09,Spikevax,3001943,16
2021,09,Spikevax,3002330,110
2021,09,Spikevax,3002339,227
2021,09,Spikevax,3002546,413
2021,09,Spikevax,3002916,157
2021,09,Spikevax,3002920,174
2021,09,Spikevax,3003601,438
2021,09,Spikevax,3003606,1055
2021,09,Spikevax,3003606        ,2
2021,09,Spikevax,3003659,602
2021,09,Spikevax,3003659       ,1
2021,09,Spikevax,3003659        ,2
2021,09,Spikevax,3004218,864
2021,09,Spikevax,3004218 ,1
2021,09,Spikevax,3004218        ,1
2021,09,Spikevax,3004493,880
2021,09,Spikevax,3004493 ,1
2021,09,Spikevax,3004493        ,1
2021,09,Spikevax,3004670,2398
2021,09,Spikevax,3004738,547
2021,09,Spikevax,3005238,98
2021,09,Spikevax,3005242,737
2021,09,Spikevax,ABY1328,1
2021,09,Spikevax,XE393,1
2021,10,Astra-Zeneca,,56
2021,10,Astra-Zeneca,210102,2
2021,10,Astra-Zeneca,210105,1
2021,10,Astra-Zeneca,210155,10
2021,10,Astra-Zeneca,ABY1328,8
2021,10,Astra-Zeneca,ABY4055,2
2021,10,Astra-Zeneca,FG4509,1
2021,10,Comirnaty,,11192
2021,10,Comirnaty,1F1005A,2597
2021,10,Comirnaty,1F1005A ,1
2021,10,Comirnaty,1F1006A,319
2021,10,Comirnaty,1F1020A,4363
2021,10,Comirnaty,1F1020A ,3
2021,10,Comirnaty,1K082A,15
2021,10,Comirnaty,1K082A ,3
2021,10,Comirnaty,210155,1
2021,10,Comirnaty,21C17-05,1
2021,10,Comirnaty,3003601,10
2021,10,Comirnaty,3004218,2
2021,10,Comirnaty,3004493,1
2021,10,Comirnaty,3005242,2
2021,10,Comirnaty,31100TB,118
2021,10,Comirnaty,ACA6111,4
2021,10,Comirnaty,EJ6134,2
2021,10,Comirnaty,EJ6797,1
2021,10,Comirnaty,EL1491,1
2021,10,Comirnaty,EP2166,2
2021,10,Comirnaty,ET3620,2
2021,10,Comirnaty,EW2239,3
2021,10,Comirnaty,EW2246,14
2021,10,Comirnaty,EY7015,1
2021,10,Comirnaty,FC0681,1
2021,10,Comirnaty,FD1921,3
2021,10,Comirnaty,FD4555,27
2021,10,Comirnaty,FD6840,1654
2021,10,Comirnaty,FE1248,9
2021,10,Comirnaty,FE2296,8
2021,10,Comirnaty,FE6208,3
2021,10,Comirnaty,FE7051,5467
2021,10,Comirnaty,FE8244,2783
2021,10,Comirnaty,FF0680,1352
2021,10,Comirnaty,FF2832,18738
2021,10,Comirnaty,FF3318,420
2021,10,Comirnaty,FF3318 ,4
2021,10,Comirnaty,FG3739,5607
2021,10,Comirnaty,FG4509,15360
2021,10,Comirnaty,FG4509 ,7
2021,10,Comirnaty,FG4509         ,1
2021,10,Comirnaty,FK0594,1
2021,10,Comirnaty,FL4213,3
2021,10,Comirnaty,FL5324,280
2021,10,Comirnaty,FM7533,4
2021,10,Comirnaty,FM7785,2
2021,10,Comirnaty,FM9088,1
2021,10,Comirnaty,FN5519,4
2021,10,Comirnaty,FP1972,10
2021,10,Comirnaty,FP8748,2
2021,10,Comirnaty,FP8956,6
2021,10,Comirnaty,FR5493,1
2021,10,Comirnaty,GD6798,1
2021,10,Comirnaty,GK4367,1
2021,10,Comirnaty,PCA0002,1211
2021,10,Comirnaty,PCA0002        ,5
2021,10,Comirnaty,PCA0075,1
2021,10,Comirnaty,PCB0001,40
2021,10,Comirnaty,SCTR1,22126
2021,10,Comirnaty,SCTR1 ,88
2021,10,Comirnaty,XE393,9
2021,10,Janssen,,4191
2021,10,Janssen,1F1005A,8
2021,10,Janssen,1F1020A,2
2021,10,Janssen,21C10-05,44
2021,10,Janssen,21C11-05,9
2021,10,Janssen,21C16-05,283
2021,10,Janssen,21C17-05,315
2021,10,Janssen,21C18-05,403
2021,10,Janssen,21C18-05       ,1
2021,10,Janssen,3001939,1
2021,10,Janssen,3001943,10
2021,10,Janssen,3002920,22
2021,10,Janssen,3003659,1
2021,10,Janssen,3004218,6
2021,10,Janssen,3004493,1
2021,10,Janssen,3004670,1
2021,10,Janssen,ABZ5320,6
2021,10,Janssen,ACA4541,1
2021,10,Janssen,ACA5775,10
2021,10,Janssen,ACA6111,557
2021,10,Janssen,EJ6134,4
2021,10,Janssen,FE8244,2
2021,10,Janssen,FF2832,13
2021,10,Janssen,FG3739,7
2021,10,Janssen,FG4509,4
2021,10,Janssen,FM9088,1
2021,10,Janssen,PCA0002,1
2021,10,Janssen,SCTR1,11
2021,10,Janssen,XD955,111
2021,10,Janssen,XD974,207
2021,10,Janssen,XD974          ,1
2021,10,Janssen,XD975,224
2021,10,Janssen,XD986,479
2021,10,Janssen,XE393,37122
2021,10,Janssen,XE393 ,129
2021,10,Janssen,XE393          ,12
2021,10,Janssen,XE423,652
2021,10,Janssen,XE423 ,1
2021,10,Others,,23
2021,10,Others,1K082A,2
2021,10,Others,FP1972,1
2021,10,Spikevax,,893
2021,10,Spikevax,000058A,1
2021,10,Spikevax,007G21A,1
2021,10,Spikevax,090F21A,8
2021,10,Spikevax,216040,1
2021,10,Spikevax,216041,1
2021,10,Spikevax,216046,1
2021,10,Spikevax,3001531,26
2021,10,Spikevax,3001659,17
2021,10,Spikevax,3001939,57
2021,10,Spikevax,3001943,75
2021,10,Spikevax,3001943 ,1
2021,10,Spikevax,3002330,20
2021,10,Spikevax,3002339,161
2021,10,Spikevax,3002546,100
2021,10,Spikevax,3002916,120
2021,10,Spikevax,3002920,110
2021,10,Spikevax,3003601,118
2021,10,Spikevax,3003606,436
2021,10,Spikevax,3003606 ,1
2021,10,Spikevax,3003659,765
2021,10,Spikevax,3003659        ,1
2021,10,Spikevax,3004218,750
2021,10,Spikevax,3004218 ,3
2021,10,Spikevax,3004493,866
2021,10,Spikevax,3004493        ,1
2021,10,Spikevax,3004670,2140
2021,10,Spikevax,3004670 ,2
2021,10,Spikevax,3004670        ,2
2021,10,Spikevax,3004738,611
2021,10,Spikevax,3004738 ,1
2021,10,Spikevax,3005238,241
2021,10,Spikevax,3005242,1622
2021,10,Spikevax,FF2832,2
2021,11,Astra-Zeneca,,20
2021,11,Comirnaty,,25322
2021,11,Comirnaty,000058A,1
2021,11,Comirnaty,090F21A,12
2021,11,Comirnaty,1F1005A,28622
2021,11,Comirnaty,1F1006A,24603
2021,11,Comirnaty,1F1006A ,2
2021,11,Comirnaty,1F1006A        ,2
2021,11,Comirnaty,1F1020A,29504
2021,11,Comirnaty,1F1020A ,15
2021,11,Comirnaty,1F1020A        ,4
2021,11,Comirnaty,1F1045A,2
2021,11,Comirnaty,1K082A,15
2021,11,Comirnaty,1K082A ,1
2021,11,Comirnaty,21C17-05,12
2021,11,Comirnaty,3001943,13
2021,11,Comirnaty,3002339,1
2021,11,Comirnaty,3002916,2
2021,11,Comirnaty,3003601,8
2021,11,Comirnaty,3003606,1
2021,11,Comirnaty,3003659,28
2021,11,Comirnaty,3004218,4
2021,11,Comirnaty,3004493,13
2021,11,Comirnaty,3004670,6
2021,11,Comirnaty,3004738,1
2021,11,Comirnaty,3005242,1
2021,11,Comirnaty,31100TB,1629
2021,11,Comirnaty,ABV7764,10
2021,11,Comirnaty,ABX4044,6
2021,11,Comirnaty,ABXB51AA ,3
2021,11,Comirnaty,ABZ5320,7
2021,11,Comirnaty,ACA5775,4
2021,11,Comirnaty,ACA6111,56
2021,11,Comirnaty,EJ6790,43
2021,11,Comirnaty,EJ6797,3
2021,11,Comirnaty,EL1491,2
2021,11,Comirnaty,ET3620,20
2021,11,Comirnaty,EW2246,8
2021,11,Comirnaty,EW4815,5
2021,11,Comirnaty,EY3014,1
2021,11,Comirnaty,FA4598,4
2021,11,Comirnaty,FC0681,8
2021,11,Comirnaty,FC2473,1
2021,11,Comirnaty,FD1921,1
2021,11,Comirnaty,FD4555,5
2021,11,Comirnaty,FD6840,87
2021,11,Comirnaty,FE2296,1
2021,11,Comirnaty,FE6208,3
2021,11,Comirnaty,FE7051,6561
2021,11,Comirnaty,FE8244,2501
2021,11,Comirnaty,FF0680,45
2021,11,Comirnaty,FF2832,35211
2021,11,Comirnaty,FF2832         ,1
2021,11,Comirnaty,FF3318,77
2021,11,Comirnaty,FG3739,44363
2021,11,Comirnaty,FG3739 ,46
2021,11,Comirnaty,FG3739   ,1
2021,11,Comirnaty,FG3739         ,1
2021,11,Comirnaty,FG4509,6820
2021,11,Comirnaty,FG4509 ,5
2021,11,Comirnaty,FG4509         ,1
2021,11,Comirnaty,FK0594,166
2021,11,Comirnaty,FK0594         ,5
2021,11,Comirnaty,FL4213,1566
2021,11,Comirnaty,FL4213 ,2
2021,11,Comirnaty,FL4213         ,5
2021,11,Comirnaty,FL5324,4348
2021,11,Comirnaty,FM7533,20
2021,11,Comirnaty,FM7785,1
2021,11,Comirnaty,FM9088,3
2021,11,Comirnaty,FN4072,3
2021,11,Comirnaty,FN5519,6
2021,11,Comirnaty,FP1972,8
2021,11,Comirnaty,FP8748,2
2021,11,Comirnaty,FP8956,2
2021,11,Comirnaty,GD6798,1
2021,11,Comirnaty,GH9851,1
2021,11,Comirnaty,GJ2639,1
2021,11,Comirnaty,PCA0002,19741
2021,11,Comirnaty,PCA0002 ,52
2021,11,Comirnaty,PCA0002       ,2
2021,11,Comirnaty,PCA0002        ,20
2021,11,Comirnaty,PCA0003,6
2021,11,Comirnaty,PCB0001,18685
2021,11,Comirnaty,PCB0001 ,49
2021,11,Comirnaty,PCB0001  ,3
2021,11,Comirnaty,PCB0001        ,33
2021,11,Comirnaty,SCTR1,41222
2021,11,Comirnaty,SCTR1 ,5
2021,11,Comirnaty,SCTR1          ,4
2021,11,Comirnaty,SCWF7,809
2021,11,Comirnaty,SDCN1,125
2021,11,Comirnaty,U6856AA3V,10
2021,11,Comirnaty,XD975,3
2021,11,Comirnaty,XE393,16
2021,11,Janssen,,9305
2021,11,Janssen,000039A,1
2021,11,Janssen,090F21A,9
2021,11,Janssen,1F1006A,2
2021,11,Janssen,1F1020A,6
2021,11,Janssen,21C10-05,51
2021,11,Janssen,21C11-05,35
2021,11,Janssen,21C16-05,388
2021,11,Janssen,21C17-05,240
2021,11,Janssen,21C18-05,189
2021,11,Janssen,3001943,61
2021,11,Janssen,3002920,3
2021,11,Janssen,3003601,7
2021,11,Janssen,3003659,1
2021,11,Janssen,3005242,3
2021,11,Janssen,ABZ5320,14743
2021,11,Janssen,ABZ5320        ,5
2021,11,Janssen,ACA5775,12463
2021,11,Janssen,ACA5775 ,20
2021,11,Janssen,ACA6111,28055
2021,11,Janssen,ACA6111 ,7
2021,11,Janssen,ACA6111        ,19
2021,11,Janssen,FE7051,8
2021,11,Janssen,FF2832,35
2021,11,Janssen,FG3739,11
2021,11,Janssen,FG4509,1
2021,11,Janssen,PCA0002,10
2021,11,Janssen,PCB0001,12
2021,11,Janssen,SCTR1,18
2021,11,Janssen,XD955,478
2021,11,Janssen,XD974,335
2021,11,Janssen,XD975,150
2021,11,Janssen,XD986,627
2021,11,Janssen,XE393,38299
2021,11,Janssen,XE393 ,58
2021,11,Janssen,XE393  ,9
2021,11,Janssen,XE393          ,88
2021,11,Janssen,XE423,1151
2021,11,Others,,16
2021,11,Spikevax,,1856
2021,11,Spikevax,000023A,34
2021,11,Spikevax,000039A,1
2021,11,Spikevax,000058A,89
2021,11,Spikevax,000358A,1
2021,11,Spikevax,000371A,1
2021,11,Spikevax,000397A,3
2021,11,Spikevax,007G21A,238
2021,11,Spikevax,03721001A,1
2021,11,Spikevax,090F21A,1015
2021,11,Spikevax,093F21A,639
2021,11,Spikevax,1F1005A,2
2021,11,Spikevax,1F1006A,1
2021,11,Spikevax,216040,4
2021,11,Spikevax,21C17-05,8
2021,11,Spikevax,3001659,28
2021,11,Spikevax,3001939,7
2021,11,Spikevax,3001943,6
2021,11,Spikevax,3002330,159
2021,11,Spikevax,3002339,213
2021,11,Spikevax,3002546,86
2021,11,Spikevax,3002916,122
2021,11,Spikevax,3002920,258
2021,11,Spikevax,3003601,634
2021,11,Spikevax,3003606,608
2021,11,Spikevax,3003606 ,4
2021,11,Spikevax,3003659,3964
2021,11,Spikevax,3003659        ,2
2021,11,Spikevax,3004218,2580
2021,11,Spikevax,3004218 ,5
2021,11,Spikevax,3004493,3284
2021,11,Spikevax,3004670,3031
2021,11,Spikevax,3004670 ,12
2021,11,Spikevax,3004670        ,13
2021,11,Spikevax,3004738,805
2021,11,Spikevax,3005238,962
2021,11,Spikevax,3005242,3270
2021,11,Spikevax,3005242        ,4
2021,11,Spikevax,FE7051,1
2021,11,Spikevax,FF2832,3
2021,11,Spikevax,FG3739,6
2021,11,Spikevax,FM7533,1
2021,11,Spikevax,FN4071,1
2021,11,Spikevax,PCA0002,1
2021,11,Spikevax,PCB0001,6
2021,11,Spikevax,SCTR1,3
2021,11,Spikevax,XD975,1
2021,11,Spikevax,XE393,1
2021,12,Astra-Zeneca,,13
2021,12,Comirnaty,,10556
2021,12,Comirnaty,000023A,1
2021,12,Comirnaty,000039A,1
2021,12,Comirnaty,000058A,3
2021,12,Comirnaty,090F21A,11
2021,12,Comirnaty,1F1005A,7893
2021,12,Comirnaty,1F1005A ,1
2021,12,Comirnaty,1F1005A   ,1
2021,12,Comirnaty,1F1005A        ,2
2021,12,Comirnaty,1F1006A,9261
2021,12,Comirnaty,1F1020A,20428
2021,12,Comirnaty,1F1020A ,60
2021,12,Comirnaty,1F1020A        ,6
2021,12,Comirnaty,1K082A,2
2021,12,Comirnaty,1K082A ,1
2021,12,Comirnaty,216040,4
2021,12,Comirnaty,21C17-05,1
2021,12,Comirnaty,3000496,1
2021,12,Comirnaty,3001943,5
2021,12,Comirnaty,3003606,1
2021,12,Comirnaty,3003659,2
2021,12,Comirnaty,3004218,4
2021,12,Comirnaty,3004738,10
2021,12,Comirnaty,3005238,1
2021,12,Comirnaty,3005242,5
2021,12,Comirnaty,31100TB,3898
2021,12,Comirnaty,31100TB ,1
2021,12,Comirnaty,ABV7764,6
2021,12,Comirnaty,ABW2953,2
2021,12,Comirnaty,ABX4044,3
2021,12,Comirnaty,ABZ5320,1
2021,12,Comirnaty,ACA5775,2
2021,12,Comirnaty,EJ6796,1
2021,12,Comirnaty,EL1491,2
2021,12,Comirnaty,ET3620,3
2021,12,Comirnaty,ET7205,1
2021,12,Comirnaty,EW4815,7
2021,12,Comirnaty,EX3599,4
2021,12,Comirnaty,EY3014,27
2021,12,Comirnaty,FC0681,3
2021,12,Comirnaty,FC2473,3
2021,12,Comirnaty,FD1921,1
2021,12,Comirnaty,FD6840,4
2021,12,Comirnaty,FE1248,3
2021,12,Comirnaty,FE2296,3
2021,12,Comirnaty,FE7051,1360
2021,12,Comirnaty,FF0680,1
2021,12,Comirnaty,FF2832,646
2021,12,Comirnaty,FF3318,6
2021,12,Comirnaty,FG3739,9877
2021,12,Comirnaty,FG3739 ,76
2021,12,Comirnaty,FG4509,1039
2021,12,Comirnaty,FK0594,12570
2021,12,Comirnaty,FK0594 ,26
2021,12,Comirnaty,FK0594         ,29
2021,12,Comirnaty,FL4213,6039
2021,12,Comirnaty,FL4213 ,7
2021,12,Comirnaty,FL4213         ,9
2021,12,Comirnaty,FL5324,6108
2021,12,Comirnaty,FM7533,5419
2021,12,Comirnaty,FM7533 ,3
2021,12,Comirnaty,FM7533         ,4
2021,12,Comirnaty,FM7785,12
2021,12,Comirnaty,FM9088,4
2021,12,Comirnaty,FN4071,20
2021,12,Comirnaty,FN4072,13956
2021,12,Comirnaty,FN4072 ,68
2021,12,Comirnaty,FN4072         ,3
2021,12,Comirnaty,FN4074,17
2021,12,Comirnaty,FN5519,10
2021,12,Comirnaty,FP1972,2
2021,12,Comirnaty,FP8234,1
2021,12,Comirnaty,FP8956,5
2021,12,Comirnaty,FR3566,1
2021,12,Comirnaty,PCA0002,2913
2021,12,Comirnaty,PCA0002 ,2
2021,12,Comirnaty,PCA0002        ,2
2021,12,Comirnaty,PCA0003,147
2021,12,Comirnaty,PCA0075,1
2021,12,Comirnaty,PCB0001,6267
2021,12,Comirnaty,PCB0001 ,9
2021,12,Comirnaty,PCB0001        ,11
2021,12,Comirnaty,PCB0017,2
2021,12,Comirnaty,SCTR1,5999
2021,12,Comirnaty,SCTR1 ,2
2021,12,Comirnaty,SCWF7,764
2021,12,Comirnaty,SDCN1,1824
2021,12,Comirnaty,XD975,1
2021,12,Comirnaty,XE393,1
2021,12,Janssen,,1750
2021,12,Janssen,1F1006A,14
2021,12,Janssen,1F1020A,21
2021,12,Janssen,21C10-05,7
2021,12,Janssen,21C16-05,35
2021,12,Janssen,21C17-05,12
2021,12,Janssen,21C18-05,6
2021,12,Janssen,3001943,1
2021,12,Janssen,3003606,4
2021,12,Janssen,3004738,4
2021,12,Janssen,3005242,3
2021,12,Janssen,ABZ5320,1419
2021,12,Janssen,ABZ5320 ,2
2021,12,Janssen,ACA5775,5646
2021,12,Janssen,ACA6111,4267
2021,12,Janssen,ACA6111        ,6
2021,12,Janssen,FE7051,1
2021,12,Janssen,FG3739,1
2021,12,Janssen,FK0594,5
2021,12,Janssen,FL4213,4
2021,12,Janssen,GH9722,1
2021,12,Janssen,PCA0002,2
2021,12,Janssen,SCTR1,3
2021,12,Janssen,XD955,6
2021,12,Janssen,XD974,49
2021,12,Janssen,XD975,55
2021,12,Janssen,XD986,31
2021,12,Janssen,XE393,2023
2021,12,Janssen,XE393          ,6
2021,12,Janssen,XE423,148
2021,12,Others,,3
2021,12,Spikevax,,1266
2021,12,Spikevax,000023A,64
2021,12,Spikevax,000039A,780
2021,12,Spikevax,000058A,613
2021,12,Spikevax,000082A,1
2021,12,Spikevax,000139A,2
2021,12,Spikevax,000397A,1
2021,12,Spikevax,007G21A,397
2021,12,Spikevax,090F21A,744
2021,12,Spikevax,090F21A        ,1
2021,12,Spikevax,093F21A,166
2021,12,Spikevax,216040,507
2021,12,Spikevax,216040 ,1
2021,12,Spikevax,216041,75
2021,12,Spikevax,21C17-05,1
2021,12,Spikevax,3001939,14
2021,12,Spikevax,3001943,2
2021,12,Spikevax,3002330,4
2021,12,Spikevax,3002546,4
2021,12,Spikevax,3002916,80
2021,12,Spikevax,3002920,139
2021,12,Spikevax,3003601,112
2021,12,Spikevax,3003606,415
2021,12,Spikevax,3003606 ,1
2021,12,Spikevax,3003659,2411
2021,12,Spikevax,3004218,471
2021,12,Spikevax,3004493,687
2021,12,Spikevax,3004493        ,3
2021,12,Spikevax,3004670,964
2021,12,Spikevax,3004670 ,3
2021,12,Spikevax,3004670        ,2
2021,12,Spikevax,3004738,1063
2021,12,Spikevax,3005238,649
2021,12,Spikevax,3005242,1886
2021,12,Spikevax,3005242        ,2
2021,12,Spikevax,FK0594,5
2021,12,Spikevax,FM7533,1
2021,12,Spikevax,PCA0002,1
2021,12,Spikevax,PCB0001,3
2021,12,Spikevax,SCTR1,2
2021,12,Spikevax,XD975,4
2022,01,Astra-Zeneca,,6
2022,01,Astra-Zeneca,31100TB,1
2022,01,Astra-Zeneca,ABV4678,1
2022,01,Comirnaty,,6829
2022,01,Comirnaty,000039A,4
2022,01,Comirnaty,000058A,6
2022,01,Comirnaty,000139A,1
2022,01,Comirnaty,090F21A,5
2022,01,Comirnaty,1F1005A,338
2022,01,Comirnaty,1F1005A ,11
2022,01,Comirnaty,1F1006A,556
2022,01,Comirnaty,1F1020A,7535
2022,01,Comirnaty,1F1020A ,5
2022,01,Comirnaty,1F1020A        ,6
2022,01,Comirnaty,1K082A,2
2022,01,Comirnaty,1K082A ,2
2022,01,Comirnaty,216040,29
2022,01,Comirnaty,216046,2
2022,01,Comirnaty,21C17-05,2
2022,01,Comirnaty,3002330,1
2022,01,Comirnaty,3003601,1
2022,01,Comirnaty,3004493,3
2022,01,Comirnaty,3004670,1
2022,01,Comirnaty,3004738,1
2022,01,Comirnaty,3005242,1
2022,01,Comirnaty,3005242        ,1
2022,01,Comirnaty,31100TB,2161
2022,01,Comirnaty,36660TB,2
2022,01,Comirnaty,ABW2953,5
2022,01,Comirnaty,ACA5775,2
2022,01,Comirnaty,ACA6111,1
2022,01,Comirnaty,FD0168,16
2022,01,Comirnaty,FD1921,2
2022,01,Comirnaty,FD6840,14
2022,01,Comirnaty,FE1248,2
2022,01,Comirnaty,FE2296,2
2022,01,Comirnaty,FE7051,1
2022,01,Comirnaty,FF0680,6
2022,01,Comirnaty,FF2832,1
2022,01,Comirnaty,FF3318,7
2022,01,Comirnaty,FG3739,84
2022,01,Comirnaty,FG4509,64
2022,01,Comirnaty,FK0594,1727
2022,01,Comirnaty,FK0594 ,1
2022,01,Comirnaty,FK0594         ,6
2022,01,Comirnaty,FL4213,3203
2022,01,Comirnaty,FL4213 ,2
2022,01,Comirnaty,FL4213         ,3
2022,01,Comirnaty,FL5324,2799
2022,01,Comirnaty,FM7533,24534
2022,01,Comirnaty,FM7533 ,33
2022,01,Comirnaty,FM7533  ,2
2022,01,Comirnaty,FM7533         ,20
2022,01,Comirnaty,FM7785,1466
2022,01,Comirnaty,FM9088,965
2022,01,Comirnaty,FM9088  ,2
2022,01,Comirnaty,FM9088         ,1
2022,01,Comirnaty,FN4071,1518
2022,01,Comirnaty,FN4071 ,2
2022,01,Comirnaty,FN4071         ,4
2022,01,Comirnaty,FN4072,27839
2022,01,Comirnaty,FN4072 ,60
2022,01,Comirnaty,FN4072  ,10
2022,01,Comirnaty,FN4072   ,3
2022,01,Comirnaty,FN4072    ,2
2022,01,Comirnaty,FN4072     ,12
2022,01,Comirnaty,FN4072         ,46
2022,01,Comirnaty,FN4074,1
2022,01,Comirnaty,FN5519,4615
2022,01,Comirnaty,FN5519 ,2
2022,01,Comirnaty,FN5519         ,2
2022,01,Comirnaty,FP1972,9
2022,01,Comirnaty,FP8234,61
2022,01,Comirnaty,FP8956,3
2022,01,Comirnaty,FP9632,2
2022,01,Comirnaty,FR3566,2
2022,01,Comirnaty,GD6798,3
2022,01,Comirnaty,PCA0002,61
2022,01,Comirnaty,PCB0001,106
2022,01,Comirnaty,SCTR1,266
2022,01,Comirnaty,SDCN1,1315
2022,01,Comirnaty,SDCN1 ,15
2022,01,Janssen,,515
2022,01,Janssen,1F1020A,8
2022,01,Janssen,21C10-05,2
2022,01,Janssen,21C17-05,5
2022,01,Janssen,21C18-05,1
2022,01,Janssen,3004493,1
2022,01,Janssen,3005242,1
2022,01,Janssen,ABZ5320,158
2022,01,Janssen,ACA5775,1924
2022,01,Janssen,ACA6111,1102
2022,01,Janssen,ACA6111 ,1
2022,01,Janssen,ACA6111        ,4
2022,01,Janssen,FK0594,2
2022,01,Janssen,FM7533,3
2022,01,Janssen,FN5519,3
2022,01,Janssen,XD974,3
2022,01,Janssen,XD975,24
2022,01,Janssen,XD986,19
2022,01,Janssen,XE393,255
2022,01,Janssen,XE423,9
2022,01,Others,,2
2022,01,Spikevax,,721
2022,01,Spikevax,000039A,431
2022,01,Spikevax,000058A,853
2022,01,Spikevax,000058A        ,1
2022,01,Spikevax,000082A,59
2022,01,Spikevax,000139A,97
2022,01,Spikevax,000187A,4
2022,01,Spikevax,007G21A,197
2022,01,Spikevax,090F21A,253
2022,01,Spikevax,090F21A        ,1
2022,01,Spikevax,093F21A,10
2022,01,Spikevax,216040,741
2022,01,Spikevax,216041,300
2022,01,Spikevax,216041        ,4
2022,01,Spikevax,216046,404
2022,01,Spikevax,21C17-05,1
2022,01,Spikevax,3000496,3
2022,01,Spikevax,3002330,1
2022,01,Spikevax,3002546,3
2022,01,Spikevax,3002916,3
2022,01,Spikevax,3002920,34
2022,01,Spikevax,3003601,1
2022,01,Spikevax,3003606,50
2022,01,Spikevax,3003659,88
2022,01,Spikevax,3003659        ,1
2022,01,Spikevax,3004218,64
2022,01,Spikevax,3004493,357
2022,01,Spikevax,3004493 ,2
2022,01,Spikevax,3004493        ,1
2022,01,Spikevax,3004670,542
2022,01,Spikevax,3004738,63
2022,01,Spikevax,3005238,403
2022,01,Spikevax,3005242,818
2022,01,Spikevax,31100TB,1
2022,01,Spikevax,FK0594,1
2022,01,Spikevax,FM7533,9
2022,01,Spikevax,FN4072,4
2022,01,Spikevax,FN5519,1
2022,02,Astra-Zeneca,,3
2022,02,Astra-Zeneca,ABV2856,1
2022,02,Comirnaty,,1490
2022,02,Comirnaty,090F21A,1
2022,02,Comirnaty,1F1005A,163
2022,02,Comirnaty,1F1020A,447
2022,02,Comirnaty,1F1045A,227
2022,02,Comirnaty,31100TB,14
2022,02,Comirnaty,ABW2953,1
2022,02,Comirnaty,FC0681,2
2022,02,Comirnaty,FD1921,1
2022,02,Comirnaty,FF2832,9
2022,02,Comirnaty,FF3318,2
2022,02,Comirnaty,FG3739,100
2022,02,Comirnaty,FK0594,43
2022,02,Comirnaty,FL4213,199
2022,02,Comirnaty,FL4213         ,1
2022,02,Comirnaty,FL5324,129
2022,02,Comirnaty,FL5324         ,2
2022,02,Comirnaty,FM7533,1992
2022,02,Comirnaty,FM7785,512
2022,02,Comirnaty,FM7785 ,1
2022,02,Comirnaty,FM9088,1222
2022,02,Comirnaty,FM9088 ,1
2022,02,Comirnaty,FN4071,1216
2022,02,Comirnaty,FN4071         ,5
2022,02,Comirnaty,FN4072,3112
2022,02,Comirnaty,FN4072 ,20
2022,02,Comirnaty,FN4072     ,2
2022,02,Comirnaty,FN4072         ,13
2022,02,Comirnaty,FN5519,1899
2022,02,Comirnaty,FN5519 ,3
2022,02,Comirnaty,FN5519         ,3
2022,02,Comirnaty,FP1972,816
2022,02,Comirnaty,FP1972         ,1
2022,02,Comirnaty,FP8234,258
2022,02,Comirnaty,FP8956,1
2022,02,Comirnaty,FP9632,4
2022,02,Comirnaty,GK4367,2
2022,02,Comirnaty,PCA0002,4
2022,02,Comirnaty,PCB0001,6
2022,02,Comirnaty,SCTR1,94
2022,02,Comirnaty,SDCN1,112
2022,02,Janssen,,156
2022,02,Janssen,3004493,2
2022,02,Janssen,ABZ5320,61
2022,02,Janssen,ACA5775,320
2022,02,Janssen,ACA6111,239
2022,02,Janssen,FM7533,1
2022,02,Janssen,XD975,4
2022,02,Janssen,XD986,2
2022,02,Janssen,XE393,86
2022,02,Janssen,XE423,5
2022,02,Spikevax,,148
2022,02,Spikevax,000039A,4
2022,02,Spikevax,000058A,74
2022,02,Spikevax,000082A,49
2022,02,Spikevax,000139A,5
2022,02,Spikevax,000187A,18
2022,02,Spikevax,000256A,7
2022,02,Spikevax,000371A,1
2022,02,Spikevax,007G21A,22
2022,02,Spikevax,090F21A,46
2022,02,Spikevax,216040,71
2022,02,Spikevax,216041,276
2022,02,Spikevax,216046,224
2022,02,Spikevax,216046 ,2
2022,02,Spikevax,3003601,5
2022,02,Spikevax,3003606,5
2022,02,Spikevax,3003659,5
2022,02,Spikevax,3004218,9
2022,02,Spikevax,3004493,48
2022,02,Spikevax,3004670,40
2022,02,Spikevax,3004738,6
2022,02,Spikevax,3005238,28
2022,02,Spikevax,3005242,62
2022,02,Spikevax,FM7533,9
2022,03,Comirnaty,,456
2022,03,Comirnaty,090F21A,1
2022,03,Comirnaty,1F1005A,18
2022,03,Comirnaty,1F1020A,308
2022,03,Comirnaty,1F1020A ,3
2022,03,Comirnaty,1F1045A,400
2022,03,Comirnaty,1F1053A,23
2022,03,Comirnaty,1K082A,1
2022,03,Comirnaty,1K082A ,1
2022,03,Comirnaty,216041,1
2022,03,Comirnaty,216041         ,1
2022,03,Comirnaty,4301MF011,8
2022,03,Comirnaty,FF3318,2
2022,03,Comirnaty,FG3739,20
2022,03,Comirnaty,FG4509,1
2022,03,Comirnaty,FK0594,3
2022,03,Comirnaty,FL4213,64
2022,03,Comirnaty,FL4574,1
2022,03,Comirnaty,FL5324,44
2022,03,Comirnaty,FL5324         ,2
2022,03,Comirnaty,FM7533,596
2022,03,Comirnaty,FM7785,46
2022,03,Comirnaty,FM9088,314
2022,03,Comirnaty,FN4071,408
2022,03,Comirnaty,FN4071         ,3
2022,03,Comirnaty,FN4072,1031
2022,03,Comirnaty,FN4072 ,5
2022,03,Comirnaty,FN4072         ,2
2022,03,Comirnaty,FN5519,209
2022,03,Comirnaty,FP1972,839
2022,03,Comirnaty,FP1972 ,2
2022,03,Comirnaty,FP1972         ,1
2022,03,Comirnaty,FP8234,88
2022,03,Comirnaty,FP8748,2
2022,03,Comirnaty,FP8956,1
2022,03,Comirnaty,FP9632,11
2022,03,Comirnaty,FR3566,1
2022,03,Comirnaty,SCTR1,1
2022,03,Comirnaty,SDCN1,16
2022,03,Janssen,,58
2022,03,Janssen,21C16-05,7
2022,03,Janssen,ABZ5320,15
2022,03,Janssen,ACA5775,155
2022,03,Janssen,ACA6111,91
2022,03,Janssen,GD6798,1
2022,03,Janssen,SDCN1,1
2022,03,Janssen,XD975,6
2022,03,Janssen,XD986,3
2022,03,Janssen,XE393,74
2022,03,Novavax,,209
2022,03,Novavax,216040,34
2022,03,Novavax,4301MF011,2403
2022,03,Novavax,4301MF011      ,5
2022,03,Novavax,4301MF012,84
2022,03,Novavax,FG4509,1
2022,03,Novavax,FM7533,4
2022,03,Spikevax,,88
2022,03,Spikevax,000039A,1
2022,03,Spikevax,000058A,21
2022,03,Spikevax,000082A,20
2022,03,Spikevax,000090A,37
2022,03,Spikevax,000139A,7
2022,03,Spikevax,000187A,8
2022,03,Spikevax,000397A,1
2022,03,Spikevax,007G21A,7
2022,03,Spikevax,016G21A,4
2022,03,Spikevax,090F21A,16
2022,03,Spikevax,090F21A        ,1
2022,03,Spikevax,216040,16
2022,03,Spikevax,216041,176
2022,03,Spikevax,216046,112
2022,03,Spikevax,3002916,1
2022,03,Spikevax,3003601,1
2022,03,Spikevax,3003606,1
2022,03,Spikevax,3004218,1
2022,03,Spikevax,3004493,9
2022,03,Spikevax,3004670,2
2022,03,Spikevax,3004738,4
2022,03,Spikevax,3005238,13
2022,03,Spikevax,3005242,7
2022,03,Spikevax,ABV5297,1
2022,03,Spikevax,FM7533,5
2022,03,Spikevax,FP1972,3
2022,04,Comirnaty,,349
2022,04,Comirnaty,000090A,2
2022,04,Comirnaty,1F1005A,7
2022,04,Comirnaty,1F1020A,220
2022,04,Comirnaty,1F1045A,248
2022,04,Comirnaty,1F1053A,4
2022,04,Comirnaty,1K082A,119
2022,04,Comirnaty,4301MF011,1
2022,04,Comirnaty,FF2832,1
2022,04,Comirnaty,FK0594,5
2022,04,Comirnaty,FL4213,76
2022,04,Comirnaty,FL5324,43
2022,04,Comirnaty,FM7533,606
2022,04,Comirnaty,FM7785,13
2022,04,Comirnaty,FM9088,90
2022,04,Comirnaty,FN4071,204
2022,04,Comirnaty,FN4071         ,1
2022,04,Comirnaty,FN4072,549
2022,04,Comirnaty,FN4072 ,3
2022,04,Comirnaty,FN5519,280
2022,04,Comirnaty,FN5988,34
2022,04,Comirnaty,FN5988 ,1
2022,04,Comirnaty,FP1972,561
2022,04,Comirnaty,FP1972 ,2
2022,04,Comirnaty,FP8234,93
2022,04,Comirnaty,FP8748,52
2022,04,Comirnaty,FP8956,122
2022,04,Comirnaty,FP8956         ,1
2022,04,Comirnaty,FP9632,2
2022,04,Comirnaty,FR5493,27
2022,04,Comirnaty,GJ1988,1
2022,04,Janssen,,17
2022,04,Janssen,1F1020A,1
2022,04,Janssen,21C16-05,1
2022,04,Janssen,ABZ5320,18
2022,04,Janssen,ACA5775,59
2022,04,Janssen,ACA5778,9
2022,04,Janssen,ACA6111,103
2022,04,Janssen,FN5519,2
2022,04,Janssen,XD975,1
2022,04,Janssen,XD986,3
2022,04,Janssen,XE393,42
2022,04,Novavax,,33
2022,04,Novavax,216040,34
2022,04,Novavax,216046,1
2022,04,Novavax,4301MF011,919
2022,04,Novavax,4301MF011      ,1
2022,04,Novavax,4301MF012,2
2022,04,Novavax,FM7533,2
2022,04,Others,,1
2022,04,Spikevax,,48
2022,04,Spikevax,000039A,11
2022,04,Spikevax,000058A,18
2022,04,Spikevax,000082A,9
2022,04,Spikevax,000090A,47
2022,04,Spikevax,000187A,8
2022,04,Spikevax,007G21A,1
2022,04,Spikevax,016G21A,3
2022,04,Spikevax,03721002A,2
2022,04,Spikevax,090F21A,5
2022,04,Spikevax,216040,9
2022,04,Spikevax,216041,135
2022,04,Spikevax,216046,32
2022,04,Spikevax,3003606,1
2022,04,Spikevax,3004738,11
2022,04,Spikevax,3005238,1
2022,05,Comirnaty,,314
2022,05,Comirnaty,1F1005A,4
2022,05,Comirnaty,1F1020A,191
2022,05,Comirnaty,1F1045A,200
2022,05,Comirnaty,1K082A,217
2022,05,Comirnaty,4301MF011,1
2022,05,Comirnaty,FC2473,3
2022,05,Comirnaty,FE7051,2
2022,05,Comirnaty,FK0594,9
2022,05,Comirnaty,FL4213,55
2022,05,Comirnaty,FL5324,25
2022,05,Comirnaty,FL5324         ,1
2022,05,Comirnaty,FM7533,482
2022,05,Comirnaty,FM7533 ,1
2022,05,Comirnaty,FM7785,5
2022,05,Comirnaty,FM9088,38
2022,05,Comirnaty,FM9088 ,5
2022,05,Comirnaty,FN4071,97
2022,05,Comirnaty,FN4072,452
2022,05,Comirnaty,FN4072 ,1
2022,05,Comirnaty,FN5519,146
2022,05,Comirnaty,FN5988,187
2022,05,Comirnaty,FN5988 ,2
2022,05,Comirnaty,FN5988         ,3
2022,05,Comirnaty,FP1972,333
2022,05,Comirnaty,FP1972 ,2
2022,05,Comirnaty,FP8234,65
2022,05,Comirnaty,FP8748,63
2022,05,Comirnaty,FP8956,299
2022,05,Comirnaty,FP8956 ,2
2022,05,Comirnaty,FP9604,4
2022,05,Comirnaty,FP9632,2
2022,05,Comirnaty,FR5493,49
2022,05,Comirnaty,PCB0017,26
2022,05,Janssen,,23
2022,05,Janssen,4301MF011,1
2022,05,Janssen,ABZ5320,19
2022,05,Janssen,ACA5775,66
2022,05,Janssen,ACA5778,131
2022,05,Janssen,ACA6111,31
2022,05,Janssen,XE393,21
2022,05,Novavax,,42
2022,05,Novavax,1F1045A,2
2022,05,Novavax,216040,15
2022,05,Novavax,216046,1
2022,05,Novavax,4301MF011,497
2022,05,Novavax,FM7533,3
2022,05,Novavax,PCB0017,1
2022,05,Spikevax,,49
2022,05,Spikevax,000039A,6
2022,05,Spikevax,000058A,4
2022,05,Spikevax,000082A,22
2022,05,Spikevax,000090A,5
2022,05,Spikevax,000139A,2
2022,05,Spikevax,000162A,8
2022,05,Spikevax,000187A,10
2022,05,Spikevax,000371A,1
2022,05,Spikevax,000397A,2
2022,05,Spikevax,016G21A,1
2022,05,Spikevax,216040,3
2022,05,Spikevax,216041,66
2022,05,Spikevax,216046,57
2022,05,Spikevax,226004,1
2022,05,Spikevax,3003606,1
2022,05,Spikevax,3004493,1
2022,05,Spikevax,3004738,7
2022,05,Spikevax,3005242,2
2022,06,Comirnaty,,175
2022,06,Comirnaty,1F1020A,76
2022,06,Comirnaty,1F1045A,64
2022,06,Comirnaty,1K082A,134
2022,06,Comirnaty,FD1921,1
2022,06,Comirnaty,FL4213,37
2022,06,Comirnaty,FL5324,20
2022,06,Comirnaty,FM7533,280
2022,06,Comirnaty,FM9088,14
2022,06,Comirnaty,FM9088 ,15
2022,06,Comirnaty,FN4071,32
2022,06,Comirnaty,FN4072,229
2022,06,Comirnaty,FN4072 ,1
2022,06,Comirnaty,FN5519,68
2022,06,Comirnaty,FN5988,146
2022,06,Comirnaty,FN5988         ,4
2022,06,Comirnaty,FP1972,198
2022,06,Comirnaty,FP1972 ,1
2022,06,Comirnaty,FP8234,63
2022,06,Comirnaty,FP8748,30
2022,06,Comirnaty,FP8956,193
2022,06,Comirnaty,FP9604,39
2022,06,Comirnaty,FP9632,1
2022,06,Comirnaty,FR5493,37
2022,06,Comirnaty,PCB0017,27
2022,06,Comirnaty,XE393,1
2022,06,Janssen,,12
2022,06,Janssen,ABZ5320,2
2022,06,Janssen,ACA5775,55
2022,06,Janssen,ACA5778,85
2022,06,Janssen,ACA6111,25
2022,06,Janssen,FP8956,1
2022,06,Janssen,XE393,5
2022,06,Novavax,,32
2022,06,Novavax,1K082A,1
2022,06,Novavax,4301MF011,216
2022,06,Novavax,4301MF011      ,3
2022,06,Spikevax,,19
2022,06,Spikevax,000039A,4
2022,06,Spikevax,000058A,1
2022,06,Spikevax,000082A,18
2022,06,Spikevax,000090A,4
2022,06,Spikevax,000139A,10
2022,06,Spikevax,000162A,8
2022,06,Spikevax,000239A,21
2022,06,Spikevax,000371A,1
2022,06,Spikevax,000397A,12
2022,06,Spikevax,216040,4
2022,06,Spikevax,216041,28
2022,06,Spikevax,216046,22
2022,06,Spikevax,226004,9
2022,06,Spikevax,3004218,1
2022,06,Spikevax,3004670,1
2022,07,Astra-Zeneca,,1
2022,07,Comirnaty,,137
2022,07,Comirnaty,1F1020A,103
2022,07,Comirnaty,1F1045A,52
2022,07,Comirnaty,1F1053A,41
2022,07,Comirnaty,1K082A,211
2022,07,Comirnaty,216046,1
2022,07,Comirnaty,21C17-05,2
2022,07,Comirnaty,4301MF011,2
2022,07,Comirnaty,FE7051,2
2022,07,Comirnaty,FL4213,39
2022,07,Comirnaty,FL5324,18
2022,07,Comirnaty,FM7533,217
2022,07,Comirnaty,FM7785,2
2022,07,Comirnaty,FM9088,30
2022,07,Comirnaty,FM9088 ,7
2022,07,Comirnaty,FN4071,9
2022,07,Comirnaty,FN4072,210
2022,07,Comirnaty,FN4072 ,4
2022,07,Comirnaty,FN5519,95
2022,07,Comirnaty,FN5988,121
2022,07,Comirnaty,FN5988 ,1
2022,07,Comirnaty,FP1972,141
2022,07,Comirnaty,FP8234,134
2022,07,Comirnaty,FP8748,39
2022,07,Comirnaty,FP8956,279
2022,07,Comirnaty,FP9604,61
2022,07,Comirnaty,FR5493,57
2022,07,Comirnaty,FR8477,1
2022,07,Comirnaty,FR9187,9
2022,07,Comirnaty,GK4367,1
2022,07,Janssen,,16
2022,07,Janssen,4301MF011,1
2022,07,Janssen,ACA5775,56
2022,07,Janssen,ACA5778,131
2022,07,Janssen,ACA6111,25
2022,07,Janssen,XD975,1
2022,07,Janssen,XE393,6
2022,07,Novavax,,16
2022,07,Novavax,4301MF011,339
2022,07,Novavax,4301MF011      ,5
2022,07,Novavax,FL4213,1
2022,07,Others,,1
2022,07,Spikevax,,50
2022,07,Spikevax,000082A,4
2022,07,Spikevax,000090A,3
2022,07,Spikevax,000139A,30
2022,07,Spikevax,000162A,2
2022,07,Spikevax,000187A,10
2022,07,Spikevax,000239A,10
2022,07,Spikevax,000251A,2
2022,07,Spikevax,000275A,9
2022,07,Spikevax,000358A,4
2022,07,Spikevax,000371A,1
2022,07,Spikevax,000384A,1
2022,07,Spikevax,000397A,30
2022,07,Spikevax,216041,16
2022,07,Spikevax,216046,13
2022,07,Spikevax,226004,10
2022,07,Spikevax,3003601,4
2022,08,Comirnaty,,174
2022,08,Comirnaty,1F1020A,10
2022,08,Comirnaty,1F1045A,49
2022,08,Comirnaty,1F1053A,24
2022,08,Comirnaty,1K082A,152
2022,08,Comirnaty,1K082A ,12
2022,08,Comirnaty,21C17-05,1
2022,08,Comirnaty,4301MF011,3
2022,08,Comirnaty,ABX5105,1
2022,08,Comirnaty,ET3620,2
2022,08,Comirnaty,FE7051,1
2022,08,Comirnaty,FK0594,1
2022,08,Comirnaty,FL4213,2
2022,08,Comirnaty,FL5324,18
2022,08,Comirnaty,FM7533,231
2022,08,Comirnaty,FM9088,16
2022,08,Comirnaty,FM9088 ,9
2022,08,Comirnaty,FN4071,15
2022,08,Comirnaty,FN4072,198
2022,08,Comirnaty,FN4072 ,8
2022,08,Comirnaty,FN5519,101
2022,08,Comirnaty,FN5988,108
2022,08,Comirnaty,FP1972,301
2022,08,Comirnaty,FP8234,182
2022,08,Comirnaty,FP8748,64
2022,08,Comirnaty,FP8956,386
2022,08,Comirnaty,FP9604,40
2022,08,Comirnaty,FP9632,2
2022,08,Comirnaty,FR3566,1
2022,08,Comirnaty,FR5493,33
2022,08,Comirnaty,FR9187,20
2022,08,Comirnaty,PCB0001,1
2022,08,Janssen,,34
2022,08,Janssen,ABZ5320,3
2022,08,Janssen,ACA5775,80
2022,08,Janssen,ACA5778,100
2022,08,Janssen,ACA6111,11
2022,08,Janssen,XD974,1
2022,08,Janssen,XE393,2
2022,08,Janssen,XE423,1
2022,08,Novavax,,7
2022,08,Novavax,000187A,1
2022,08,Novavax,4301MF011,202
2022,08,Novavax,4302MF002,3
2022,08,Novavax,FM7533,1
2022,08,Novavax,FN5519,1
2022,08,Others,,1
2022,08,Spikevax,,17
2022,08,Spikevax,000139A,19
2022,08,Spikevax,000187A,48
2022,08,Spikevax,000239A,29
2022,08,Spikevax,000251A,17
2022,08,Spikevax,000266A,2
2022,08,Spikevax,000275A,5
2022,08,Spikevax,000358A,20
2022,08,Spikevax,000371A,28
2022,08,Spikevax,000397A,24
2022,08,Spikevax,007G21A,1
2022,08,Spikevax,216041,3
2022,08,Spikevax,226004,5
2022,08,Spikevax,3003601,1
2022,08,Spikevax,3004670,5
2022,09,Comirnaty,,124
2022,09,Comirnaty,1F1020A,3
2022,09,Comirnaty,1F1045A,18
2022,09,Comirnaty,1F1053A,35
2022,09,Comirnaty,1K082A,101
2022,09,Comirnaty,1K082A ,10
2022,09,Comirnaty,FC2473,1
2022,09,Comirnaty,FE2296,2
2022,09,Comirnaty,FM7533,123
2022,09,Comirnaty,FM7785,2
2022,09,Comirnaty,FM9088,10
2022,09,Comirnaty,FM9088 ,10
2022,09,Comirnaty,FN4071,18
2022,09,Comirnaty,FN4072,126
2022,09,Comirnaty,FN4072 ,1
2022,09,Comirnaty,FN5519,46
2022,09,Comirnaty,FN5988,76
2022,09,Comirnaty,FN5988         ,1
2022,09,Comirnaty,FP1972,162
2022,09,Comirnaty,FP1972         ,1
2022,09,Comirnaty,FP8234,125
2022,09,Comirnaty,FP8748,24
2022,09,Comirnaty,FP8956,292
2022,09,Comirnaty,FP8956         ,1
2022,09,Comirnaty,FP9604,40
2022,09,Comirnaty,FP9632,1
2022,09,Comirnaty,FR3566,102
2022,09,Comirnaty,FR5493,83
2022,09,Comirnaty,FR9187,12
2022,09,Comirnaty,GD6798,83
2022,09,Comirnaty,GH9851,8
2022,09,Comirnaty,PCA0002,3
2022,09,Janssen,,20
2022,09,Janssen,ACA5775,34
2022,09,Janssen,ACA5778,107
2022,09,Janssen,ACA6111,10
2022,09,Janssen,FP8234,2
2022,09,Janssen,GD6803,2
2022,09,Janssen,XE393,6
2022,09,Novavax,,2
2022,09,Novavax,4301MF011,24
2022,09,Novavax,4302MF002,77
2022,09,Novavax,4302MF016,25
2022,09,Others,,3
2022,09,Spikevax,,23
2022,09,Spikevax,000139A,23
2022,09,Spikevax,000239A,13
2022,09,Spikevax,000251A,16
2022,09,Spikevax,000266A,2
2022,09,Spikevax,000275A,21
2022,09,Spikevax,000358A,14
2022,09,Spikevax,000358A        ,1
2022,09,Spikevax,000371A,31
2022,09,Spikevax,000384A,1
2022,09,Spikevax,000397A,5
2022,09,Spikevax,226004,6
2022,10,Comirnaty,,95
2022,10,Comirnaty,1F1020A,1
2022,10,Comirnaty,1F1045A,56
2022,10,Comirnaty,1F1053A,17
2022,10,Comirnaty,1K082A,65
2022,10,Comirnaty,36660TB,41
2022,10,Comirnaty,FF3318,5
2022,10,Comirnaty,FM7533,7
2022,10,Comirnaty,FM9088,27
2022,10,Comirnaty,FM9088 ,4
2022,10,Comirnaty,FN4072,13
2022,10,Comirnaty,FN4074,40
2022,10,Comirnaty,FN5519,44
2022,10,Comirnaty,FN5988,98
2022,10,Comirnaty,FN5988         ,1
2022,10,Comirnaty,FP1972,67
2022,10,Comirnaty,FP8234,95
2022,10,Comirnaty,FP8748,24
2022,10,Comirnaty,FP8956,153
2022,10,Comirnaty,FP8956         ,2
2022,10,Comirnaty,FP9604,40
2022,10,Comirnaty,FP9632,8
2022,10,Comirnaty,FR3566,97
2022,10,Comirnaty,FR5493,78
2022,10,Comirnaty,FR9187,23
2022,10,Comirnaty,GD6798,109
2022,10,Comirnaty,GE0694,21
2022,10,Comirnaty,GH9722,106
2022,10,Comirnaty,GH9722 ,2
2022,10,Comirnaty,GH9851,53
2022,10,Comirnaty,GJ1988,1
2022,10,Janssen,,4
2022,10,Janssen,ABZ5320,2
2022,10,Janssen,ACA5775,24
2022,10,Janssen,ACA5778,69
2022,10,Janssen,ACA6111,7
2022,10,Janssen,FR3566,2
2022,10,Janssen,GH9851,1
2022,10,Janssen,XE393,2
2022,10,Novavax,,12
2022,10,Novavax,4301MF011,6
2022,10,Novavax,4302MF002,3
2022,10,Novavax,4302MF016,68
2022,10,Novavax,4302MF016      ,1
2022,10,Novavax,GH9851,1
2022,10,Spikevax,,16
2022,10,Spikevax,000139A,5
2022,10,Spikevax,000187A,4
2022,10,Spikevax,000239A,3
2022,10,Spikevax,000251A,1
2022,10,Spikevax,000266A,1
2022,10,Spikevax,000358A,32
2022,10,Spikevax,000358A        ,1
2022,10,Spikevax,000371A,37
2022,10,Spikevax,000382A,1
2022,10,Spikevax,000397A,7
2022,10,Spikevax,200038A,1
2022,10,Spikevax,200090A,3
2022,10,Spikevax,216041,3
2022,10,Spikevax,226004,3
2022,10,Spikevax,FP1972,2
2022,10,Spikevax,GD6798,4
2022,11,Comirnaty,,78
2022,11,Comirnaty,150001,24
2022,11,Comirnaty,1F1020A,3
2022,11,Comirnaty,1F1045A,4
2022,11,Comirnaty,1F1053A,1
2022,11,Comirnaty,1K082A,8
2022,11,Comirnaty,36660TB,110
2022,11,Comirnaty,FF3318,10
2022,11,Comirnaty,FM7533,5
2022,11,Comirnaty,FM9088,1
2022,11,Comirnaty,FN4072,6
2022,11,Comirnaty,FN4074,5
2022,11,Comirnaty,FN5519,18
2022,11,Comirnaty,FN5988,6
2022,11,Comirnaty,FP1972,14
2022,11,Comirnaty,FP8234,6
2022,11,Comirnaty,FP8956,24
2022,11,Comirnaty,FR3566,148
2022,11,Comirnaty,FR3566         ,4
2022,11,Comirnaty,FR5493,17
2022,11,Comirnaty,FR9187,21
2022,11,Comirnaty,GD6798,33
2022,11,Comirnaty,GD6798 ,1
2022,11,Comirnaty,GD6803,8
2022,11,Comirnaty,GE0694,91
2022,11,Comirnaty,GE0694         ,3
2022,11,Comirnaty,GG3683,14
2022,11,Comirnaty,GH9722,129
2022,11,Comirnaty,GH9722     ,1
2022,11,Comirnaty,GH9851,45
2022,11,Comirnaty,GJ1988,33
2022,11,Comirnaty,GJ2631,6
2022,11,Comirnaty,GJ7179,1
2022,11,Comirnaty,GK4367,1
2022,11,Comirnaty,PCA0002,1
2022,11,Comirnaty,PCA0075,32
2022,11,Comirnaty,PCA0082,14
2022,11,Janssen,,5
2022,11,Janssen,ABZ5320,2
2022,11,Janssen,ACA5775,37
2022,11,Janssen,ACA5778,53
2022,11,Janssen,ACA6111,7
2022,11,Janssen,XE393,2
2022,11,Novavax,,6
2022,11,Novavax,4302MF016,49
2022,11,Novavax,4302MF016      ,1
2022,11,Spikevax,,9
2022,11,Spikevax,000239A,1
2022,11,Spikevax,000358A,18
2022,11,Spikevax,000371A,7
2022,11,Spikevax,000388A,1
2022,11,Spikevax,000397A,13
2022,11,Spikevax,200038A,2
2022,11,Spikevax,200090A,1
2022,11,Spikevax,216046,1
2022,11,Spikevax,226004,2
2022,11,Spikevax,226011,1
2022,11,Spikevax,GD6798,2
2022,11,Spikevax,MV1013A,1
2022,12,Comirnaty,,58
2022,12,Comirnaty,150001,10
2022,12,Comirnaty,1F1020A,1
2022,12,Comirnaty,1K082A,3
2022,12,Comirnaty,36660TB,53
2022,12,Comirnaty,36660TB        ,1
2022,12,Comirnaty,FF3318,15
2022,12,Comirnaty,FM7533,4
2022,12,Comirnaty,FM9088,5
2022,12,Comirnaty,FN5519,1
2022,12,Comirnaty,FP1972,8
2022,12,Comirnaty,FP8234,2
2022,12,Comirnaty,FP8956,10
2022,12,Comirnaty,FR3566,5
2022,12,Comirnaty,FR5493,1
2022,12,Comirnaty,FR9187,3
2022,12,Comirnaty,GD6798,31
2022,12,Comirnaty,GD6803,2
2022,12,Comirnaty,GE0694,21
2022,12,Comirnaty,GE0694 ,1
2022,12,Comirnaty,GG3683,24
2022,12,Comirnaty,GH9722,30
2022,12,Comirnaty,GH9851,17
2022,12,Comirnaty,GJ1988,14
2022,12,Comirnaty,GJ2631,14
2022,12,Comirnaty,GJ7179,2
2022,12,Comirnaty,GL6799,1
2022,12,Comirnaty,PCA0002,1
2022,12,Comirnaty,PCA0075,26
2022,12,Comirnaty,PCA0081,1
2022,12,Comirnaty,PCA0082,9
2022,12,Janssen,,2
2022,12,Janssen,ACA5775,14
2022,12,Janssen,ACA5778,33
2022,12,Janssen,ACA6111,6
2022,12,Janssen,GK4367,1
2022,12,Janssen,XE393,3
2022,12,Janssen,XE423,1
2022,12,Novavax,,3
2022,12,Novavax,4302MF016,22
2022,12,Novavax,FM7533,1
2022,12,Spikevax,,2
2022,12,Spikevax,000266A,3
2022,12,Spikevax,000358A,10
2022,12,Spikevax,000371A,5
2022,12,Spikevax,000397A,5
2022,12,Spikevax,200090A,1
2022,12,Spikevax,216046,1
2022,12,Spikevax,226004,7
2022,12,Spikevax,226011,2
2022,12,Spikevax,FP1972,1
2022,12,Spikevax,GD6798,1
2023,01,Comirnaty,,85
2023,01,Comirnaty,150001,32
2023,01,Comirnaty,1K082A,4
2023,01,Comirnaty,36660TB,89
2023,01,Comirnaty,36660TB        ,1
2023,01,Comirnaty,FF3318,4
2023,01,Comirnaty,FG4509,1
2023,01,Comirnaty,FM7533,1
2023,01,Comirnaty,FM9088,10
2023,01,Comirnaty,FN5519,6
2023,01,Comirnaty,FP1972,26
2023,01,Comirnaty,FP8234,7
2023,01,Comirnaty,FP8956,12
2023,01,Comirnaty,FR3566,32
2023,01,Comirnaty,FR9187,1
2023,01,Comirnaty,GD6798,12
2023,01,Comirnaty,GD6803,15
2023,01,Comirnaty,GE0694,43
2023,01,Comirnaty,GG3683,13
2023,01,Comirnaty,GH9722,27
2023,01,Comirnaty,GH9851,7
2023,01,Comirnaty,GJ1988,44
2023,01,Comirnaty,GJ2631,27
2023,01,Comirnaty,GJ7179,5
2023,01,Comirnaty,GK4367,1
2023,01,Comirnaty,GL6799,2
2023,01,Comirnaty,PCA0075,16
2023,01,Comirnaty,PCA0082,4
2023,01,Comirnaty,V3N095V,1
2023,01,Janssen,,8
2023,01,Janssen,ABZ5320,1
2023,01,Janssen,ACA5775,31
2023,01,Janssen,ACA5778,133
2023,01,Janssen,ACA6111,11
2023,01,Janssen,XE423,1
2023,01,Novavax,4302MF016,3
2023,01,Spikevax,,12
2023,01,Spikevax,000358A,14
2023,01,Spikevax,000371A,13
2023,01,Spikevax,000397A,1
2023,01,Spikevax,200090A,1
2023,01,Spikevax,223034,4
2023,01,Spikevax,226011,3
2023,02,Comirnaty,,43
2023,02,Comirnaty,150001,9
2023,02,Comirnaty,36660TB,51
2023,02,Comirnaty,FF3318,5
2023,02,Comirnaty,FM9088,4
2023,02,Comirnaty,FN5519,3
2023,02,Comirnaty,FP1972,3
2023,02,Comirnaty,FP8234,2
2023,02,Comirnaty,FP8956,6
2023,02,Comirnaty,FR3566,61
2023,02,Comirnaty,FR3566         ,2
2023,02,Comirnaty,FR5493,1
2023,02,Comirnaty,FR9187,9
2023,02,Comirnaty,GD6798,15
2023,02,Comirnaty,GD6803,8
2023,02,Comirnaty,GE0694,15
2023,02,Comirnaty,GG3683,5
2023,02,Comirnaty,GH9722,12
2023,02,Comirnaty,GJ1988,10
2023,02,Comirnaty,GJ2631,9
2023,02,Comirnaty,GJ2639,2
2023,02,Comirnaty,GJ7179,8
2023,02,Comirnaty,GK4367,5
2023,02,Comirnaty,PCA0075,8
2023,02,Comirnaty,PCA0082,6
2023,02,Janssen,,7
2023,02,Janssen,ACA5775,26
2023,02,Janssen,ACA5778,71
2023,02,Janssen,ACA6111,7
2023,02,Spikevax,,3
2023,02,Spikevax,000358A,10
2023,02,Spikevax,000371A,5
2023,02,Spikevax,000388A,1
2023,02,Spikevax,000397A,2
2023,02,Spikevax,200090A,1
2023,02,Spikevax,FR3566,4
2023,03,Comirnaty,,34
2023,03,Comirnaty,150001,11
2023,03,Comirnaty,1K082A,3
2023,03,Comirnaty,36660TB,41
2023,03,Comirnaty,ET3620,1
2023,03,Comirnaty,FF3318,5
2023,03,Comirnaty,FM9088,2
2023,03,Comirnaty,FN5519,3
2023,03,Comirnaty,FP1972,2
2023,03,Comirnaty,FP8234,1
2023,03,Comirnaty,FP8956,10
2023,03,Comirnaty,FR3566,58
2023,03,Comirnaty,FR5493,1
2023,03,Comirnaty,FR9187,5
2023,03,Comirnaty,GD6798,15
2023,03,Comirnaty,GD6803,4
2023,03,Comirnaty,GE0694,13
2023,03,Comirnaty,GG3683,5
2023,03,Comirnaty,GH9722,13
2023,03,Comirnaty,GH9851,1
2023,03,Comirnaty,GJ1988,9
2023,03,Comirnaty,GJ2631,23
2023,03,Comirnaty,GJ2639,3
2023,03,Comirnaty,GJ7179,1
2023,03,Comirnaty,GK4367,8
2023,03,Comirnaty,GL6799,3
2023,03,Comirnaty,PCA0075,6
2023,03,Comirnaty,PCA0082,1
2023,03,Janssen,,6
2023,03,Janssen,150001,1
2023,03,Janssen,ACA5775,21
2023,03,Janssen,ACA5778,48
2023,03,Janssen,ACA6111,14
2023,03,Janssen,XE423,1
2023,03,Spikevax,,3
2023,03,Spikevax,000358A,7
2023,03,Spikevax,000397A,1
2023,03,Spikevax,FW5875,1
2023,04,Comirnaty,,23
2023,04,Comirnaty,150001,6
2023,04,Comirnaty,1K082A,2
2023,04,Comirnaty,36660TB,10
2023,04,Comirnaty,4302MF016,1
2023,04,Comirnaty,FF3318,1
2023,04,Comirnaty,FM9088,2
2023,04,Comirnaty,FN5519,1
2023,04,Comirnaty,FP1972,2
2023,04,Comirnaty,FP8234,2
2023,04,Comirnaty,FR3566,26
2023,04,Comirnaty,FR3566         ,1
2023,04,Comirnaty,FR9187,1
2023,04,Comirnaty,GD6798,14
2023,04,Comirnaty,GE0694,3
2023,04,Comirnaty,GG3683,10
2023,04,Comirnaty,GH9722,5
2023,04,Comirnaty,GJ1988,9
2023,04,Comirnaty,GJ2631,13
2023,04,Comirnaty,GJ2639,1
2023,04,Comirnaty,GJ7179,2
2023,04,Comirnaty,GK4367,4
2023,04,Comirnaty,GK7826,1
2023,04,Comirnaty,GL6799,2
2023,04,Comirnaty,PCA0075,2
2023,04,Comirnaty,PCA0082,1
2023,04,Comirnaty,V3N095V,1
2023,04,Janssen,,3
2023,04,Janssen,ACA5775,13
2023,04,Janssen,ACA5778,51
2023,04,Janssen,ACA6111,6
2023,04,Janssen,XE393,2
2023,04,Spikevax,000358A,3
2023,04,Spikevax,000397A,1
2023,04,Spikevax,200090A,1
2023,04,Spikevax,223034,1
2023,04,Spikevax,GJ1988,2
2023,05,Comirnaty,,11
2023,05,Comirnaty,150001,1
2023,05,Comirnaty,36660TB,8
2023,05,Comirnaty,FP1972,1
2023,05,Comirnaty,FR3566,24
2023,05,Comirnaty,GD6798,1
2023,05,Comirnaty,GD6803,3
2023,05,Comirnaty,GE0694,4
2023,05,Comirnaty,GG3683,3
2023,05,Comirnaty,GH9722,7
2023,05,Comirnaty,GH9851,1
2023,05,Comirnaty,GJ1988,1
2023,05,Comirnaty,GJ2631,13
2023,05,Comirnaty,GJ7179,2
2023,05,Comirnaty,GK4367,4
2023,05,Comirnaty,GL6799,5
2023,05,Comirnaty,PCA0075,4
2023,05,Comirnaty,PCA0082,1
2023,05,Janssen,,2
2023,05,Janssen,ACA5775,5
2023,05,Janssen,ACA5778,14
2023,05,Janssen,ACA6111,3
2023,05,Spikevax,400056A,4
2023,06,Comirnaty,,8
2023,06,Comirnaty,150001,2
2023,06,Comirnaty,GD6798,1
2023,06,Comirnaty,GE0694,2
2023,06,Comirnaty,GG3683,1
2023,06,Comirnaty,GJ2631,6
2023,06,Comirnaty,GJ2639,1
2023,06,Comirnaty,GK4367,4
2023,06,Comirnaty,GL6799,1
2023,06,Comirnaty,PCA0082,2
2023,06,Comirnaty,SDYY1,4
2023,06,Janssen,,2
2023,06,Janssen,ACA5775,1
2023,06,Janssen,ACA5778,5
2023,07,Comirnaty,,2
2023,07,Comirnaty,FP8956,1
2023,07,Comirnaty,FR3566,1
2023,07,Comirnaty,GE0694,3
2023,07,Comirnaty,GG3683,1
2023,07,Comirnaty,GK4367,1
2023,07,Comirnaty,GL6799,1
2023,07,Janssen,ACA5778,3
2023,08,Comirnaty,FR3566,2
2023,08,Comirnaty,GE0694,1
2023,08,Comirnaty,GG3683,1
2023,08,Comirnaty,GH9722,1
2023,08,Comirnaty,GH9851,1
2023,08,Comirnaty,GJ1988,3
2023,08,Comirnaty,GJ2631,4
2023,08,Comirnaty,GJ2639,2
2023,08,Comirnaty,GK4367,3
2023,08,Janssen,ACA5778,3
2023,08,Janssen,XE393,1
2023,09,Comirnaty,,3
2023,09,Comirnaty,GG3683,7
2023,09,Comirnaty,GJ2631,4
2023,09,Comirnaty,GJ2639,2
2023,09,Comirnaty,GK4367,3
2023,09,Comirnaty,HD9869,41
2023,09,Comirnaty,HD9871,35
2023,09,Comirnaty,HG2252,7
2023,09,Janssen,ACA5778,1
2023,09,Spikevax,,2
2023,10,Comirnaty,,36
2023,10,Comirnaty,FL4213,1
2023,10,Comirnaty,GD6798,2
2023,10,Comirnaty,GD6803,1
2023,10,Comirnaty,GE0694,1
2023,10,Comirnaty,GG3683,8
2023,10,Comirnaty,GH9722,2
2023,10,Comirnaty,GH9851,1
2023,10,Comirnaty,GJ1988,1
2023,10,Comirnaty,GJ2631,2
2023,10,Comirnaty,GJ2639,1
2023,10,Comirnaty,GJ7179,2
2023,10,Comirnaty,GL6799,3
2023,10,Comirnaty,HD9869,66
2023,10,Comirnaty,HD9871,55
2023,10,Comirnaty,HG2252,86
2023,10,Comirnaty,HG2355,95
2023,10,Comirnaty,HH0832,194
2023,10,Comirnaty,HH4040,5
2023,10,Comirnaty,HH8656,214
2023,10,Comirnaty,HH8656         ,1
2023,10,Comirnaty,HJ3093,128
2023,10,Comirnaty,HJ4781,10
2023,10,Spikevax,,1
2023,11,Comirnaty,,16
2023,11,Comirnaty,400056A,1
2023,11,Comirnaty,FK0594,1
2023,11,Comirnaty,GG3683,12
2023,11,Comirnaty,HD9869,15
2023,11,Comirnaty,HD9871,17
2023,11,Comirnaty,HG2252,8
2023,11,Comirnaty,HG2355,124
2023,11,Comirnaty,HH0832,46
2023,11,Comirnaty,HH2355,4
2023,11,Comirnaty,HH4040,220
2023,11,Comirnaty,HH4040 ,1
2023,11,Comirnaty,HH6775,6
2023,11,Comirnaty,HH8656,67
2023,11,Comirnaty,HH8656  ,2
2023,11,Comirnaty,HJ3093,19
2023,11,Comirnaty,HJ3097,125
2023,11,Comirnaty,HJ3097 ,1
2023,11,Comirnaty,HJ4781,25
2023,11,Spikevax,,1
2023,12,Comirnaty,,10
2023,12,Comirnaty,GH9722,1
2023,12,Comirnaty,GH9851,1
2023,12,Comirnaty,HD9869,2
2023,12,Comirnaty,HD9871,2
2023,12,Comirnaty,HG2355,11
2023,12,Comirnaty,HH0832,5
2023,12,Comirnaty,HH4040,42
2023,12,Comirnaty,HH6775,6
2023,12,Comirnaty,HH8656,12
2023,12,Comirnaty,HJ3093,2
2023,12,Comirnaty,HJ3097,172
2023,12,Comirnaty,HJ4781,19
2023,12,Spikevax,,1
2024,01,Comirnaty,,8
2024,01,Comirnaty,GD6798,1
2024,01,Comirnaty,GJ2631,3
2024,01,Comirnaty,HD9869,1
2024,01,Comirnaty,HD9871,1
2024,01,Comirnaty,HG2355,5
2024,01,Comirnaty,HH0832,1
2024,01,Comirnaty,HH4040,9
2024,01,Comirnaty,HH6775,7
2024,01,Comirnaty,HH8656,1
2024,01,Comirnaty,HJ3093,4
2024,01,Comirnaty,HJ3097,113
2024,01,Comirnaty,HJ3097 ,1
2024,01,Comirnaty,HJ4781,14
2024,01,Janssen,ACA5778,2
2024,01,Novavax,,1
2024,01,Spikevax,,1
2024,02,Comirnaty,,3
2024,02,Comirnaty,GD6798,1
2024,02,Comirnaty,HH2355,1
2024,02,Comirnaty,HH6775,3
2024,02,Comirnaty,HH8656,2
2024,02,Comirnaty,HJ3097,37
2024,02,Comirnaty,HJ3097  ,1
2024,02,Comirnaty,HJ4781,4
2024,02,Novavax,5683MF006C,1
2024,03,Comirnaty,HH6775,1
2024,03,Comirnaty,HJ3093,1
2024,03,Comirnaty,HJ3097,5
2024,03,Novavax,5683MF006C,1
